Website URL,Phone Numbers,Social Media Links,Locations,Company Commercial Name,Company Legal Name,Company All Available Names
timothyburger.com,,,,Timothy Burger,,Timothy Burger
janellesrestaurant.com,,,,Janelles Restaurant,,Janelles Restaurant | Janelle’s Caribbean Restaurant
kns-construction.com,203-231-8300,,,KNS Construction,,KNS Construction
cumberland-river.com,221.1707227,1624000000,3993276843,Cumberland River,,Cumberland River
fortlaudedalepsychic.com,,,,Twin flame psychic,,Twin flame psychic
charliesproshop.com,(727) 397-3947,,,Charlies Pro Shop,,Charlies Pro Shop
maddux.pro,,,,MADDUX,,MADDUX | MADDUX Pro-Wash
azureskies.com,,,,Azure Skies Landscaping,,Azure Skies Landscaping
busiup.com,4710514922,1709031839,1709031839,BusiUp,,BusiUp
mutterpasshuellen.eu,1588955623,1643291373,1643319969,Geschenke zur Schwangerschaft,,Geschenke zur Schwangerschaft
philstreeppc.com,9549313700,(954) 931-3700,9549313700,Phil's Expert,,Phil's Expert
1vandegraaff.com,1706701757,1706701758,1706701758,1 Van de Graaff,,1 Van de Graaff | Van de Graaff
torget.org,940-369-5116,,,Torget,,Torget
drrokh.com,1099463540,1099463540,1601694324,Dr. Rokh,,Dr. Rokh
saracott.com,3141925352,1647353333,0007613000,Sara Cott MSW LCSW,,Sara Cott MSW LCSW | Sara Cott
koimountain.com,,,,Koi Mountain,,Koi Mountain | Koi MountainBath-and-body
adaini.com,,,,A daini,,A daini | ALEXANDRA DAINI
outforlifeministries.com,1585540579,1444213995,1444213995,Out For Life Ministries,,Out For Life Ministries
intfloors.com,,,,Interior Flooring Solutions,,Interior Flooring Solutions
richardsservicecenter.com,3686693018,1709031840,1709031840,Richards Service Center,,Richards Service Center
timemusicgroupnyc.com,,,,Time Music Group,TIME MUSIC GROUP LLC.,Time Music Group | TIME MUSIC GROUP LLC.
seamuspuppy.com,,,,KIND HEART,,KIND HEART
rlosrivera.com,,,,XV CAPITAL LLC.,XV CAPITAL LLC.,XV CAPITAL LLC.
buchanan-edwards.online,,,,Buchanan-edwards.online,,Buchanan-edwards.online
gsbphoto.com,,,,Gordon S Bernstein Photo,,Gordon S Bernstein Photo | Bernstein Gordon S
pctouchservices.com,1000014140,http://www.facebook.com/home.php?#!/profile.php?id=100001414006599,http://twitter.com/mayisad,PC Touch Services,PC Touch Services Inc.,PC Touch Services | PC Touch Services Inc. | Pc Touch Svc. Inc.
tambasamba.design,1700330135,1700329169,1611149030,Tamba Samba,,Tamba Samba
skinnerdaylilies.com,,,,Skinner Daylilies,,Skinner Daylilies
bluestreakgrinding.com,1707844433,1707844433,1707844433,Blue Streak Grinding,,Blue Streak Grinding | Blue Streak | Bell Helicopter Textron Inc.
86fest.com,2857674882,https://www.instagram.com/86fest/,https://www.facebook.com/86FEST/,86FEST,,86FEST
id44.com,1439859822,1433516288,1408711400,ID44,,ID44 | Munden Medical DBA id44
growthfutures.net,4445535400,4445535400,800-525-8487,Growth Futures,Lafayette Commodities Inc.,Growth Futures | Lafayette Commodities Inc.
figlass.biz,845-354-6074,631-583-5644,,FIglass,,FIglass
veritassynergetic.com,1619113529,1619113530,1619113530,Veritas Synergetic,,Veritas Synergetic
pinolevistareimagined.com,,,,Village at Novato,,Village at Novato
mygoodhorse.weebly.com,1632498135,1552090130,1552091911,Good Horse,,Good Horse
emergencyinternational.org,,,,Emergency International,,Emergency International
sacreativedesign.com,1673424424,1673424424,1673424424,SA Creative Design,,SA Creative Design
sanfranciscowinecenter.com,,,,SF Wine Center,Indie Wine Company,SF Wine Center | San Francisco Wine Center | Indie Wine Company
aspecialtouchflorist.net,,,,A Special Touch Florist,,A Special Touch Florist
homesforsalescv.com,6382858273,(661) 286-8610,(661) 250-2075,Laura Hannasch,,Laura Hannasch
tandoorrestaurants.com,1479352678,2517121775,1773570963,Tandoor Indian Grill - Millcreek,,Tandoor Indian Grill - Millcreek
reveportraits.com,,,,Reve Portraits,Reve Portraits Ltd.,Reve Portraits | Reve Portraits Ltd.
neomedia-dg.com,+1 915 201-2695,+1 915 201-2695,1630638601,Neomedia Design Group,,Neomedia Design Group | Neomedia Design Group - Home
nationalcarousels158.com,6314814990,6314814990,6314814990,National Carousels,,National Carousels
fightguard.net,714-457-5391,877-303-6180,1709031831,Fight Guard Network,,Fight Guard Network | Fightguard
jtheater.com,,,,J.T. H EATER,,J.T. H EATER | J T Heater-Architect
rethinkingwealth.org,1574394265,https://www.facebook.com/RethinkingWealth/,https://www.facebook.com/RethinkingWealth/,Rethinking Wealth,The Ron Blue Institute,Rethinking Wealth | The Ron Blue Institute
mottshay.com,800-533-3754,252-537-9661,,Mott & Shay Inc.,Mott & Shay Inc.,Mott & Shay Inc. | Mott & Shay | Mott & Shay Consulting Foresters PLLC | Southern Land & Timber Consultants LLC.
advancenetsupport.com,5031697833,1708972846,5031697833,Advance Network Support,ADVANCE NETWORK SUPPORT INC,Advance Network Support | ADVANCE NETWORK SUPPORT INC
centralcoastmd.com,1603912063,1461695888,1421903281,Central Coast MD,,Central Coast MD
sweetadswebcast.com,,http://facebook.com/sweetadelinesintl,http://instagram.com/sweetadelinesintl,Sweet Adelines International,,Sweet Adelines International
alluredesign.org,,,Apache/2.4.7 (Ubuntu) Server at www.alluredesign.fr Port 80,Allure Design,,Allure Design
moving2branson.com,,,,Table Rock Lake Home Search,,Table Rock Lake Home Search
kathrynsonmoonlake.com,1709031850,0097031875,,Kathryn's of Mississippi Inc.,Kathryn's of Mississippi Inc.,Kathryn's of Mississippi Inc.
marylandplatingservicinginc.com,6413017138,1709031850,3020736705,Maryland Plating & Servicing Inc.,Maryland Plating & Servicing Inc.,Maryland Plating & Servicing Inc. | Maryland Plating & Servicing
dotsandcubes.com,813-857-5200,813-857-5200,https://twitter.com/dotsandcubes,Dots & Cubes,Dots & Cubes LLC.,Dots & Cubes | Dots & Cubes LLC. | Wischman Management Inc.
rainbowphillyweddingofficiants.com,3333333333,6666666666,6666666666,Rainbow Philly Wedding Officiants,,Rainbow Philly Wedding Officiants | Rainbow Philly Wedding
gkama.com,1579329832,1709031851,3020736705,Gonzalez Karate Academy,,Gonzalez Karate Academy
cryptonewsupdate.com,5017090318,2831662750,2250459117,Crypto News Update,,Crypto News Update | Cryptox
carrettausa.com,(973) 770-9330,,,Carretta USA,Carretta USA Inc.,Carretta USA | Carretta USA Inc.
lalupitaberwyn.net,,,,La Lupita,,La Lupita
teambuildergroup.com,(206) 922-5355,(206) 922-5355,http://twitter.com/TeamBuilder_llc,Team Builder Group,Team Builder Group LLC.,Team Builder Academy | Team Builder Space Limited | Team Builder | Team Builder Group LLC. | Team Builder Group | Team Builder Space Inc.
mctierart.com,1234567899,9999999999,1234567891,McTier Art,,McTier Art
crazy.builders,7766351073,4806650503,6283383708,Crazy Builders,,Crazy Builders | Crazy
fineartsbiz.com,,,,FineArtsBiz,,FineArtsBiz | Fine Mata Ortiz Ceramics
itlogo.net,1226977124,4358820249,1608536416,Itlogo,,Itlogo
sammycarlosdelicatessencatering.net,,,,Sammy Carlo's Delicatessen & Catering,,Sammy Carlo's Delicatessen & Catering
rollupdoorrepairnyc.com,917-791-1393,863.9392039,9459554699,Roll Up Door Repair,,Roll Up Door Repair | Same Day Roll Up Door Repair
rhcapco.com,,,,R-H Capital Partners,,R-H Capital Partners | RH Capital
hitsforhomeless.com,1480580146,1480580146,1480580146,Hits for Homeless,,Hits for Homeless
ssmobile.store,2147483647,,,SS Mobile,,SS Mobile
brushsolutions.net,4241844378,3807086282,3807086282,Brush Solutions Inc.,Brush Solutions Inc.,Brush Solutions Inc. | Brush Solutions
gooddogsfarm.com,,,,Good Dogs Farm,,Good Dogs Farm
atlanticsltd.com,,,Proudly Served by LiteSpeed Web Server at atlanticsltd.com Port 80,Atlanticsltd,,Atlanticsltd
ilikeflatroofs.com,,,,I Like Roofing,,I Like Roofing
laurafoxreel.com,(310) 205-5811,(310) 205-5812,(310) 205-5896,LAURA FOX,,LAURA FOX
royaltylandscapinganddesign.com,,,,Royalty Landscaping & Design,Royalty Landscaping & Design Inc.,Royalty Landscaping & Design | Royalty Landscaping & Design Inc.
asuzus.com,,,,Asuzus,,Asuzus
medicalcoatings.org,2217778716,1167268112,,Medical coatings,,Medical coatings
hunterdecuir24.com,,,,Hunter Decuir Clover High School,,Hunter Decuir Clover High School
drcharlieharper.com,(310) 883-4472,(310) 883-4472,(310) 883-4472,Dr. Charlie Harper,,"Dr. Charlie Harper | Dr. Charlie Harper, D.C."
redrhinomovers.com,,,,Red Rhino Movers,,Red Rhino Movers
bettygb.com,,,,Bettendorf Youth Girls Basketball,,Bettendorf Youth Girls Basketball
cryptobroaden.com,183416.1702,183416.1702,183416.1702,Crypto Broaden,Stock Marathon Petroleum Corporation,Crypto Broaden | Stock Marathon Petroleum Corporation
carpetworkshopofohio.com,,,,Carpet Workshop of Ohio,,Carpet Workshop of Ohio | The Carpet Workshop of Ohio
coltonfamilydental.com,(000) 000-0000,(909) 824-7060,(909) 824-7060,Colton Family Dental,DEVANG PATEL DDS INC.,Colton Family Dental | Colton family dental Patel Devang DDS | DEVANG PATEL DDS INC.
campaigntostopgunviolence.org,1431497652,1345065257,1345060548,Campaign to Stop Gun Violence,,Campaign to Stop Gun Violence
harlongroup.com,303.910.3704,(303) 910-3704,303.910.3704,Harlon Group,,Harlon Group
toothfairycleaningservice.com,,,,Tooth Fairy Cleaning Service,,Tooth Fairy Cleaning Service | Tooth Fairy Cleaning
bodegaunclick.com,,,,Bodega Un Click,,Bodega Un Click | Bodegaunclickadmin
magarc.org,4970735371,2787653626,1556116800,MagARC,,MagARC
gallerycollage.com,,,,Gallery Collage,,Gallery Collage
quality-trucking.com,,,,Quality Trucking Inc.,Quality Trucking Inc.,Quality Trucking Inc. | Quality Trucking
teitelbaumco.com,,,,Michael J. Teitelbaum Co.,Michael J. Teitelbaum Co.,Michael J. Teitelbaum Co. | Teitelbaum Co. | Teitelbaum Michael J | Teitelbaum Co. L.P.
analogique.com,,,,ANALOGIQUE SERVICES LABS,Analogique Service Labs Inc.,ANALOGIQUE SERVICES LABS | Analogique | Analogique Service Labs Inc.
myzerly.com,,,,Designer Notable ZURB Inc.,Designer Notable ZURB Inc.,Designer Notable ZURB Inc.
amfaviation.com,931-980-1215,https://twitter.com/AMFAviationLLC,,AMF Aviation,AMF Aviation LLC.,AMF Aviation | AMF Aviation LLC.
castor-group.com,,,,Castor Group LLC.,Castor Group LLC.,Castor Group LLC. | Castor Group
mtzionbaptistrentz.com,5407435001,1709031861,1709031861,Mt Zion Baptist Church,,Mt Zion Baptist Church
allyourblogging.com,1699374781,1725294781,1112023119,APENFT,,APENFT
cepstone-llc.com,,,,CEPStone LLC.,CEPStone LLC.,CEPStone LLC.
coricarl.com,1707933815,1707933815,1424541736,Cori Carl,,Cori Carl
schoi.mit.edu,0010089771,9255384080,,Soonwon Choi,,Soonwon Choi
satyasilence.com,6373069118,7720554444,6376127012,Satya Silence,,Satya Silence
winecheeseandfivemoreminutes.com,,,,Wine Cheese and Five more Minutes,,Wine Cheese and Five more Minutes | Wine Cheese
coralgablesrealestatefl.com,2693208541,7378585006,2693208541,Subdivision 344 Mendoza LLC.,Subdivision 344 Mendoza LLC.,Subdivision 344 Mendoza LLC.
downeygroupllc.com,,,,Downey Group LLC.,Downey Group LLC.,Downey Group LLC. | The Downey Group | All Division Commercial Products LLC.
focusmedicalbillingservices.com,,,,Focus Medical Billing Services,Focus Medical Billing Svc. Llc,Focus Medical Billing Services | Focus Medical Billing Svc. Llc
hueboost.com,(877) 449-5079,1071730077,https://www.facebook.com/Hue-Boost-LLC-107173007758428,Hue Boost,Hue Boost LLC.,Hue Boost | Hue Boost LLC.
mrdurant.weebly.com,1424377651,1424377651,1424649970,Mr. Durant Science,,Mr. Durant Science | Mr. Durant
thej3group.com,,,,The J3 Group,The J3 Group Inc.,The J3 Group | J3 Group | The J3 Group Inc. | J3 Group Inc.
amlimdrmarina.com,3107756760,310.775.6760,3107756760,AMLI Marina Del Rey,,AMLI Marina Del Rey
ncca-inc.com,,,,Cloggers Association Inc.,Cloggers Association Inc.,Cloggers Association Inc. | Northern California Cloggers Association Inc. | California Cloggers Association Inc.
academyofamazement.com,,,,Academy Of Amazement,Academy of Amazement LLC.,Academy Of Amazement | Academy of Amazement LLC.
pacificelectric.biz,1758043192,1758043192,,Pacific Electric Inc.,Pacific Electric Inc.,Pacific Electric Inc. | Pacific Electric | Electrical Testing & Maintenance Service Inc.
dablawoffice.com,978.840.0001,978.840.9032,,Dombrowski Aveni & Bunnell,,Dombrowski Aveni & Bunnell | Office of Dombrowski Aveni & Bunnell
directtransportsys.com,1675321208,516-852-2709,516-852-2709,Direct Transport Systems Inc.,Direct Transport Systems Inc.,Direct Transport Systems Inc. | Direct Transport Systems | Direct Transport
wwnboa.org,(515) 432-3001,(386) 446-6525,,Winged Warriors Natl. B-Body,,Winged Warriors Natl. B-Body | NASCAR Street Classics Ltd.
lesliehaywood-moore.online,1700596623,1685711994,1700596623,Leslie Haywood-Moore,Moore Real Estate Co.,Leslie Haywood-Moore | Moore Real Estate Co.
"                                                    Paducah"," KY 42001                        ",,,,,
"                          United States",,,,,,
maido-shimizuya.com,4285714285,1696846256,1696846256,Programming Skill Professional Services,,Programming Skill Professional Services
ihostnewyork.com,3887650053,3943112920,4117053800,IHOST Newyork,,IHOST Newyork | FULL CIRCLE INC.
impaxinc.com,0413181832,0413181832,0413181832,IMPAX INC.,IMPAX INC.,IMPAX INC. | Impax Corp.
finishingtouch.contractors,(630) 387-5151,1385667450,2919699698,Finishing Touch,,Finishing Touch
concordncwildliferemoval.com,980-245-4343,980-245-4343,980-245-4343,Concord NC Wildlife Removal,,Concord NC Wildlife Removal | Concord Wildlife Removal
pioneerpropertydevelopment.com,678-860-9977,678-860-9977,1657184488,Pioneer Property Development,Pioneer Property Development LLC.,Pioneer Property Development | Pioneer Property Development LLC.
advancedbiblicalstudies.net,6781609195,1408553755,1408553755,Advanced Biblical Studies,Light Ministries International Inc.,Advanced Biblical Studies | Light Ministries International Inc.
pattikavanagh.massagetherapy.com,7307201403,5929572323,6326322535,Patti Kavanagh,,Patti Kavanagh
blacknewengland.org,,,,Black Heritage Trail of New Hampshire,,Black Heritage Trail of New Hampshire
exaintelligence.com,(414) 840-8800,,,EXA Intelligence,,EXA Intelligence
johnstons-clothiers.business.site,7018547059,1709031867,1577799019,Johnston's Clothiers,,Johnston's Clothiers
cindywalker.com,(479) 857-1041,(479) 967-6969,(479) 967-2983,Cindy Walker,,Cindy Walker
bgkinvestments.com,(888) 335-3139,(818) 445-9921,(888) 414-9111,BGK Investments,,BGK Investments
thestonenc.com,7015873015,3333333333,3333333333,Thestonenc,,Thestonenc | The Stone Church | The Stone
crawfordproduction.com,2545352419,2545352419,2545352419,Crawford Production,,Crawford Production
ohanaconsulting.net,3333333333,3333333333,3333333333,Ohana Management Consulting,,Ohana Management Consulting | OhanaConsulting
kansaslimousin.org,620-432-5056,3043454055,3043454055,Kansas Limousin Breeders Association,Kansas Limousin Breeders Association,Kansas Limousin Breeders Association | Kansas Limousin | Kansas Limousin Breeders
gygeneralservices.business.site,7972900144,1709031868,3719525284,G&Y GeneralWashServices Corp.,G&Y GeneralWashServices Corp.,G&Y GeneralWashServices Corp.
meskauskis.com,,,,Meskauskis,,Meskauskis | Neil Meskauskis
wombatworks.org,7668458697,000000-0000,000-0000995,Wombat Works,Wombat Works LLC.,Wombat Works | Wombat Works LLC.
potomaccanine.com,,,,Potomac Canine,,Potomac Canine | Potomac Canine Services
rcgglobaltv.com,8550085532,8550085532,8550085532,RCG Global TV Network,,RCG Global TV Network | RCG Global TV
takapartners.com,818.583.7033,,,Taka Partners,,Taka Partners
timent.com,2023071106,2023071106,1343681126,Timent Technologies,,Timent Technologies | Timent
grpinsurance.com,2545352419,2545352419,2545352419,Global Risk Partners Insurance,Global Risk Partners LLC.,GRP Insurance | Global Risk Partners Insurance | Risk Partners LLC. | Global Risk Partners LLC. | Global Risk Partners
cancersupportdelaware.org,1708702993,1708702993,1708702993,Cancer Support Community Delaware,,Cancer Support Community Delaware | Cancer Support Group | Cancer Support Community
nashvilleucc.org,1492206250,1492206260,1492206198,Nashville United Church of Christ,,Nashville United Church of Christ | NASHVILLE UCC | Nashville U.C.C. Recreational Park
solarecon.wordpress.com,1677072837,1685131895,1707936843,Solarecon,,Solarecon | First Solar Inc. | Solar Inc.
garrettwietholter.com,(317) 873-3230,(317) 873-3230,1708980321,Garrett Wietholter,Garrett Wietholter Ins Agy Inc.,Garrett Wietholter | Garrett Wietholter - State Farm Insurance Agent | Garrett Wietholter Ins Agy Inc.
rewildyourgarden.com,181-5614481,181-5614481,2545352419,Wild Native Gardens,,Wild Native Gardens | ReWILD Your Garden
roushdetailingllc.com,7873134328,0740740740,2731481481,Roush Detailing,Roush Detailing llc.,Roush Detailing | Roush Detailing llc.
tsunamipolo.org,2545352419,2545352419,2545352419,Tsunami Water Polo,,Tsunami Water Polo | San Francisco Tsunami Water Polo
itpc-usa.com,870-6062127,870-6062127,2545352419,Italian Travel Promotion Council,,Italian Travel Promotion Council
jsdagency.com,1707231973,1707232508,1707231974,JSD Agency,Jump Start Digital LLC.,JSD Agency | Jump Start Digital LLC.
iambaldianastyles.info,3333333333,3333333333,,IAmBaldianaStyles,,IAmBaldianaStyles
genfreellc.com,2524461839,3333333333,3333333333,GenFree LLC.,GenFree LLC.,GenFree LLC.
2701jamesmwood.com,3333333333,3333333333,3333333333,2701 James M wood,,2701 James M wood
brooklyntreecompany.com,1466609659,1466609659,1466609659,Brooklyn Tree Company,Brooklyn Tree Company,Brooklyn Tree Company | Brooklyn Tree
alpha-research-associates-research-institute.business.site,6963592087,1709031869,3020216719,Alpha Research Associates,Alpha Research Associates Research Institute,Alpha Research Associates | Alpha Research Associates Research Institute
tamalpaistaichi.com,2147483647,2147483647,,Tamalpais T'ai Chi,,Tamalpais T'ai Chi | Tamalpais T'ai Chi Ch'uan
trihealthbalance.com,1706698296,1706698296,1706698296,Tri Health Balance,,Tri Health Balance
erichedlund.com,545027-1010,8939122363,957-7281640,Eric Hedlund,,Eric Hedlund
bundlesbybassett.com,,,,Bundles By Bassett,,Bundles By Bassett
mojoparker.com,7805112106,769850-2024,0212193120,Mojo Parker,,Mojo Parker | Mojo Parker - Home
directdrivelogistics.com,8776335045,877-633-5045,913-440-9132,Direct Drive Logistics - Milwaukee,,Direct Drive Logistics - Milwaukee | Direct Drive Logistics
4v21.com,3070916393,8257994013,8257994013,Amazing Online Offers,,Amazing Online Offers
bostonzen.org,1627513405,1627513405,1627513405,Greater Boston Zen Center,GREATER BOSTON ZEN CENTER INC.,Greater Boston Zen Center | Boston Zen | GREATER BOSTON ZEN CENTER INC.
tic-texas.com,2545352419,2545352419,2545352419,Texas Inpatient Consultants,,Texas Inpatient Consultants | Texas Inpatient
thebeautyteam.com,1696928876,1696928876,1696928876,THE BEAUTY TEAM LLC.,THE BEAUTY TEAM LLC.,THE BEAUTY TEAM LLC. | The Beauty Team Inc. | THE BEAUTY TEAM
pinehavenresort.com,1303813570,1303813570,218-682-2547,Pine Haven Resort,,Pine Haven Resort
stitchncluck.com,1709031771,1677072837,1704390784,Stitch and Cluck,,Stitch and Cluck
kellyhohlainteriors.com,1594864001,1539966164,1539966164,Kelly Hohla Interiors,,Kelly Hohla Interiors
hypnosishealthworks.com,3333333333,3333333333,3333333333,Nancy Epstein Hypnosis HealthWorks,Joy Beland LA IT GIRL LLC.,Nancy Epstein Hypnosis HealthWorks | Hypnosis HealthWorks | Joy Beland LA IT GIRL LLC.
yourvibrantnutrition.com,3141925352,1707927834,1515112936,Vibrant Nutrition & Wellness LLC.,Vibrant Nutrition & Wellness LLC.,Vibrant Nutrition & Wellness LLC. | Vibrant Nutrition & Wellness
gentzlerelectric.com,(214) 341-2890,(214) 341-2890,214-341-2890,Gentzler Electric,Gentzler Electrical Services Inc.,Gentzler Electric | Gentzler Electrical Services Inc. | Gentzler Electric LLC. | Gentzler Electrical Svc Inc
airprofork.com,1520005255,1480540746,1480540746,AirPro Fork,,AirPro Fork
tlalocrivas.com,1687199021,1579746117,1567401603,Tlaloc Rivas,,Tlaloc Rivas
moorecapitalservices.net,8984104149,8984104149,8984104149,Moore Capital Services,,Moore Capital Services
tornadobaseball.com,1538505386,1538505386,,Tornado Baseball Tarining,,Tornado Baseball Tarining | Tornado Baseball
ghostmountain.org,(503) 809-4299,https://www.instagram.com/ghostmountainpdx/,,Ghost Mountain,,Ghost Mountain
ropescan.us,7014786666,(701) 478-6666,882-2931663,Rope Scan,,Rope Scan
stewartgrain.com,(765) 986-2254,(217) 759-7938,3747567743,Stewart Grain,Stewart Grain Co.,Stewart Grain | Stewart Grain Co. | Stewart Grain Co. Inc.
marblepolishingmiami.net,1453205357,1609967389,1451124729,Marble Polishing Miami,,Marble Polishing Miami | Marble Floor Polishing Miami
lisinoprilfst.com,1701865354,1701865354,1701865354,LisinoprilFST,,LisinoprilFST
plumbingbydlt.com,,,,Plumbing by DLT,,Plumbing by DLT
justgooglebenhiggins.com,4811922499,6946792340,6540704582,Ben Higgins,,Ben Higgins
nbwatergardens.com,660-229-3777,2675168818,,Nature's Beauty Water Gardens,,Nature's Beauty Water Gardens | Nbwatergardens
sushirawsf.com,,,,Sushi Raw 4,,Sushi Raw 4 | Sushi Raw
onsa.net,(503) 316-9638,(503) 316-9638,(503) 316-9638,Oregon Neighborhood Store Association,Oregon Neighborhood Store Association,Oregon Neighborhood Store Association | ONSA
sharonkinghoge.com,,https://twitter.com/SharonKingHoge,,Sharon King Hoge,,Sharon King Hoge
hdnavalue.com,1542222452,1111111111,1111111111,Hollingshead Dearden Associates,Dearden & Associates LLC.,Hollingshead Dearden & Associates LLC. | Hollingshead Dearden Associates | Todd Hollingshead ASA. | Hollingshead Dearden | Dearden & Associates LLC.
brilliantcityreiki.com,2545352419,2545352419,2545352419,Brilliantcityreiki,,Brilliantcityreiki | Brilliant City
couplescounselingatlanta.com,1708773163,1708773163,1708773163,Atlanta Couples Counseling,,Atlanta Couples Counseling
smensclub.org,3333333333,7333333333,6666666666,Senior Men's Club,E-mail Trustee,Senior Men's Club | Smensclub | E-mail Trustee
deepdivecounseling.net,3141925352,1692391137,1639286674,Deep Dive Counseling LLC.,Deep Dive Counseling LLC.,Deep Dive Counseling LLC. | Deep Dive Counseling
amendedbeauty.com,534-6204125,534-6204125,2545352419,Amended Beauty,,Amended Beauty
trueaudio.com,9780966377,9780966377,865-494-3388,True Audio,,True Audio
buryservices.com,2545352419,2545352419,2545352419,Bury Services,,Bury Services
yourhairdynasty.com,2545352419,2545352419,2545352419,Your Hair Dynasty,Your Hair Dynasty LLC.,Your Hair Dynasty | Your Hair Dynasty LLC. | Your Hair
venturemediaagency.com,1697983588,1697984119,1697983588,Venture Media Agency,,Venture Media Agency
philippineflowers.com,,,,Philippineflowers,,Philippineflowers | Philippineflowers.c
aroostooktechnologies.com,,https://www.facebook.com/AroostookTechnologies,,Aroostook Technologies,Aroostook Technologies Inc.,Aroostook Technologies | Aroostook Technologies Inc.
phack.org,2545352419,2545352419,2545352419,Pacific Hackers Infosec,,Pacific Hackers Infosec | Pacific Hackers Infosec Conference | Pacific Hackers Meetup & Conference
shakeprosolutions.com,1587503097,1587503128,1587503128,SHAKE PRO SOLUTIONS LLC.,SHAKE PRO SOLUTIONS LLC.,SHAKE PRO SOLUTIONS LLC. | Shake PRO Solutions
minastollery.com,3141925352,1674671557,1617230762,Mina Stollery,,Mina Stollery
virustarllc.com,,,,ViruStar LLC.,ViruStar LLC.,ViruStar LLC. | VirusStar LLC.
lgcountryschool.com,1594202898,5652173913,7971014492,Long Grove Country School,,Long Grove Country School | Long Grove Country School - LGCS
citycenterwaco.com,4322156735,8001907588,4322156735,City Center Waco,,City Center Waco
semillacenter.org,,https://www.facebook.com/SemillaCenter/,https://twitter.com/semillacenter,Semilla Center,,Semilla Center
completecaredevelopmentcenter.com,2545352419,2545352419,2545352419,Complete Care Development Center LLC.,Complete Care Development Center LLC.,Complete Care Development Center LLC. | Complete Care Development Center | Complete Care Develo
jaredshavelson.com,2545352419,2545352419,2545352419,Jared Shavelson,,Jared Shavelson
camilluscusecamp.com,2023110901,2023062201,2024020101,'Cuse Camp,,'Cuse Camp
calcoastjewelryappraisers.com,1555344155,1708539982,1708539982,Cal Coast Jewelry Appraisers,Cal Coast Jewelry Appraisers Inc.,Cal Coast Jewelry Appraisers | Cal Coast Jewelry | Cal Coast Jewelry Appraisers Inc.
samantharaiderbrown.com,1709031770,1677072837,1432920480,Samantha Brown,,Samantha Brown | Samantharaiderbrown
clevelandheightsapartments.com,814-969-2004,0557891303,814-969-2004,Cleveland Heights Apartments,,Cleveland Heights Apartments | 2677 Euclid Heights Blvd | Cleveland Heights Apartments
documentsandforms.com,1642092410,1642092410,1642227135,Documents And Forms,,Documents And Forms
burst-media.com,4588663048,4588663048,2545352419,Burst Media Weddings,,Burst Media Weddings | BURST-MEDIA
monahanclinics.com,1703276993,1703276993,1703276993,Monahan Chiropractic Medical Clinics,,Monahan Chiropractic Medical Clinics | Monahan Chiropractic | Monahan Clinics | Monahan Chiropractic Medical
proexecstaffing.com,1562785813,713-248-2245,713-248-2245,Pro-Exec Staffing LLC.,Pro-Exec Staffing LLC.,Pro-Exec Staffing LLC. | Pro Exec Staffing
candybartending.com,0917990639,0917990639,0917990639,Candy Bar Personal Bartending Services,,Candy Bar Personal Bartending Services
hightechautoservicesantamonica.com,1654036914,1654036915,4980392156,High Tech Auto Service,,High Tech Auto Service | High Tech Auto Service Santa Monica
forcht-law.com,,,,Melan M Forcht Law Offices,,Melan M Forcht Law Offices | Law Office of Melan M. Forcht
steppir.com,4280980600,2850507075,4280980600,SteppIR Communication Systems,SteppIR Inc.,SteppIR Communication Systems | SteppIR | SteppIR Inc.
ascend-tech.us,2545352419,2545352419,2545352419,Ascendant Software Technology,Ascendant Software Technology LLC.,Ascendant Software Technology | Ascendant Software | Ascendant Software Technology LLC.
workitstudio.com,2545352419,2545352419,2545352419,Work It! Studio by WandaWoman,Forge Marketing & Management Pty.,Work It! Studio by WandaWoman | Work It! Studio | Forge Marketing & Management Pty.
clockinc.org,6541898591,6541898591,6541898591,Clock Inc.,Clock Inc.,Clock Inc. | Free Clock Inc.
arisepca.com,1582133388,1581533052,1581533052,Arise Presbyterian Church,,Arise Presbyterian Church
iam-boeing.com,800-235-3453,425-299-3578,,IAM Boeing Joint Programs Central Site Office,,IAM Boeing Joint Programs Central Site Office
hautesalonjc.com,2545352419,2545352419,2545352419,Haute Salon,,Haute Salon | Haute Salon - Home
successoilco.com,3333333333,3333333333,3333333333,Success Oil Company,Success Oil Company,Success Oil Company | Success Oil Co.
eringallagher.wordpress.com,1677072837,1707936843,1440110593,Erin Gallagher Jewelry,,Erin Gallagher Jewelry
arnoldprint.com,717-392-5491,(717) 392-5491,054.7140025,Arnold Printed Communications,Arnold Printed Co.,Arnold Printed Comm | Arnold Printed | Arnold Business Forms Inc. | Arnold Printed Communications | Arnold Printed Co.
ohanacrm.com,1744680851,5675675675,5864909390,Ohana CRM,,Ohana CRM
cavachonsofoklahoma.com,1647926022,1647926022,1647926022,Cavachons of Oklahoma,,Cavachons of Oklahoma
newasianjuyuan.com,763-595-8888,626-304-3100,763-595-8888,New Asian Ju Yuan,,New Asian Ju Yuan
bookkeepinglogic.com,1708631347,1535459913,1535464922,Bookkeeping Logic,Bookkeeping Logic Inc.,Bookkeeping Logic | Bookkeeping Logic QuickBooks | Bookkeeping Logic Inc.
greggardnersbarbershop.com,2545352419,2545352419,2545352419,Greg Gardner's Barber Shop,,Greg Gardner's Barber Shop | Gardner's Barber | Greg Gardner Barber | Gardner's Barber Shop
propertyguysnj.com,1632873135,1632873135,1632873135,Property Guys,,Property Guys | Property Guys NJ
Cherry Hill," NJ",107 N Valleybrook Road,,,,
Cherry Hill," NJ",326 Brookline Avenue,,,,
Cherry Hill," NJ",945 Chanticleer,,,,
Cherry Hill," NJ",10 Wexford Court,,,,
Cherry Hill," NJ",105 Rue Du Boise,,,,
Cherry Hill," NJ",303 Chanticleer,,,,
Cherry Hill," NJ",200 Massachusetts Avenue,,,,
Cherry Hill," NJ",50 Clemson Road,,,,
Cherry Hill," NJ",23 Conwell Avenue,,,,
Cherry Hill," NJ",Remax One Realty,,,,
24 Tanner Street,,,,,,
Haddonfield NJ 08033,,,,,,
DRE: 455730 (Robert),,,,,,
DRE: 900554 (Hal),Remax One Realty,,,,,
24 Tanner Street,,,,,,
Haddonfield NJ 08033,,,,,,
DRE: 455730 (Robert),,,,,,
DRE: 900554 (Hal),Remax One Realty,,,,,
24 Tanner Street,,,,,,
Haddonfield NJ 08033,,,,,,
DRE: 455730 (Robert),,,,,,
DRE: 900554 (Hal),,,,,,
beezneedz.com,(336) 431-2339,(336) 431-2339,(336) 431-2339,Beez Needz,,Beez Needz | Beez Needz Beekeeping Supplies
shmstudios.com,,,,SHM Studios,,SHM Studios
crossroadsrvpk.com,,,,Crossroads RV Park,,Crossroads RV Park
wellbaum-apiaries.business.site,1651263884,1709031874,1577799019,Wellbaum Acres Apiaries,,Wellbaum Acres Apiaries
dskidsermons.com,1709031778,1677072837,1707936843,Dollar Store Children Sermons,,Dollar Store Children Sermons
randrdance.com,3333333333,3333333333,3333333333,RR Dance STUDIO DJ Services,,RR Dance STUDIO DJ Services | R&R Dance
deperevfw.net,,,,De Pere VFW,,De Pere VFW | De Pere VFW Post
yourtowcompany.com,9056024558,9056024558,110.4237288,Your Tow Company,Your Tow Company,Your Tow Company
pd2llc.com,0611579957,4559197738,2423932226,Process Design Development,,Process Design Development
romesportshalloffame.com,2545352419,2545352419,2545352419,Rome Sports Hall of Fame,,Rome Sports Hall of Fame | Rome Sports Hall of Fame &amp Museum
roux30a.com,3274274030,3274274030,3274274030,Roux 30a,Roux 30a Enterprises LLC.,Roux 30a | Roux 30a Enterprises LLC.
logansquarelaundry.com,,,,Logan Square Laundry,,Logan Square Laundry
darstproperties.com,2010642366,2010642366,2010642366,Darst Properties,Darst Properties LLC.,Darst Properties | Darst Properties LLC.
jshs-tn.utk.edu,+18659749493,(865) 974-9493,+18659741000,Tennessee Junior Science and Humanities Symposium,,Tennessee Junior Science and Humanities Symposium
liketelevision.com,3240594013,3240594013,3240594013,LikeTelevision,LikeTelevision™ Inc.,LikeTelevision | LikeTelevision™ Inc. | LikeTelevisionTM Inc. | 1999-2012 LikeTelevision™ Inc.
callunakennels.com,3333333333,3333333333,3333333333,Calluna Kennels,,Calluna Kennels
maquez-kennelz.business.site,5047299340,1709031876,1527521000,Marquez Kennelz,,Marquez Kennelz
ngchm.net,,https://www.facebook.com/NextGenerationClusteredHeatMap,https://twitter.com/nextgenheatmaps,NG-CHM,,NG-CHM | NG-CHMs
verve-medical.com,0588235294,3529411764,8823529411,Verve Medical,Verve Medical Inc.,Verve Medical | Verve | Verve Medical Inc.
gougeon.com,,,,Gougeon Brothers Inc.,Gougeon Brothers Inc.,Gougeon Brothers Inc. | Gougeon | GOUGEON BROTHERS
branchedoakmarina.com,1708993715,1708993715,1708012491,Branched Oak Marina,,Branched Oak Marina | Branched Oak Lake Marina
foreverepoxy.com,2330353046,2545352419,2545352419,Forever Epoxy,,Forever Epoxy
horizons.church,1706820695,1701838057,1708537763,Horizons,,Horizons | Horizons Community Church | Horizons Church | Horizons Church Lincoln NE
it10103.wordpress.com,1677072837,1685131895,1707936843,It10103,,It10103
vipsmarthomes.com,9781440673,1581184210,9781440673,VIP Smart Homes Inc.,VIP Smart Homes Inc.,VIP Smart Homes Inc. | VIP Smart Homes
kristyler.com,6024302769,(602) 430-2769,2025383445,Kris Tyler WaterColor,,Kris Tyler WaterColor | Kris Tyler
kathymetzinc.com,1706621039,1706621039,1586810061,Realty Connect USA,,Realty Connect USA
aquamarinejewelrystudio.com,1706743054,1706743054,1706720571,Aquamarine jewelry studio,,Aquamarine jewelry studio | Aquamarine Jewelry
harmonystarkennel.com,2545352419,2545352419,2545352419,Harmony Star Kennel,,Harmony Star Kennel
parklandhairclinic.info,4992503748,6988304093,3333333333,Parkland Hair Clinic,,Parkland Hair Clinic
vibrantlifefarms.com,2545352419,2545352419,2545352419,Vibrant Life Aquaponics,,Vibrant Life Aquaponics | Vibrant Life Farms
positivesideofgolf.com,000000-0000,000-0005841,7668458697,Positive Side of Golf,,Positive Side of Golf
smartdivorcestrategy.com,9444444444,8333333333,4444444444,Smart Divorce Strategy,,Smart Divorce Strategy
happydaycreations.net,2545352419,2545352419,2545352419,Happy Day Creations,Happy Day Creations LLC.,Happy Day Creations | Happy Day Creations LLC.
coastaldefense.business.site,3740819912,1709031877,1577799019,Coastal Defense LLC.,Coastal Defense LLC.,Coastal Defense LLC. | Coastal Defense
theblueprintshop.com,1632322558,1706640582,1706640582,The Blueprint Shop LLC.,The Blueprint Shop LLC.,The Blueprint Shop LLC. | The Blueprint Shop | Blueprint Shop
car.hk,1448545243,1512996050,1558678132,Loeber,,Loeber
acifund.com,1628166377,8000000000,2999999999,Acifund,Alta Development I LLC.,Acifund | Alta Development I LLC. | Alta XI LLC.
ridgelinehomeinspect.com,6666666666,6666666666,6666666666,Ridgeline Home Inspection Services,Ridgeline Home Inspection Services LLC.,Ridgeline Home Inspection Services | Ridgeline Home Inspection | Ridgeline Home Inspection Services LLC.
awbrueggemann.com,1437081866,1437081866,580.237.3857,A W Brueggemann Co.,A W Brueggemann Co.,A W Brueggemann Co. | A.W. Brueggemann | A.W. Brueggemann Company Inc.
carriecrespo.com,3333333333,3333333333,3333333333,Carrie Crespo,,Carrie Crespo
shiftflg.com,1701445847,7798288608,5158703627,Shift Kitchen & Bar,,Shift Kitchen & Bar | Shift FLG
jasonheltonrealestate.com,1709030205,1709030205,1709030203,Jason Helton,,Jason Helton | JASON HELTON REAL ESTATE
kickitupquilting.com,2545352419,2545352419,2545352419,Kick It Up Quilting,,Kick It Up Quilting | Kick It Up Quilting2
cahabacreative.com,7240764052,205.799.3880,http://facebook.com/cahabacreative,Cahaba Creative Web Solutions,Cahaba Creative Web Solutions & Graphic Designs LLC.,Cahaba Creative Web Solutions | Cahaba Creative | Cahaba Creative Web Solutions & Graphic Designs LLC.
thatpaintgirl.com,6184597231,6184597231,2545352419,That Paint Girl,,That Paint Girl | That Paint
ogcut.com,1684339442,1102569244,341.4659496,OG Barber,,OG Barber
foxtrailerservice.com,4174757281,0638297872,4980079681,Fox Trailer Service,Fox Trailer Service LLC.,Fox Trailer Service | Fox Trailer Service LLC. | Fox Trailer
lawrencedy.com,2545352419,2545352419,2545352419,Lawrence Dy,,Lawrence Dy
eventsbyabel.com,1571655471,619-571-2279,619-571-2279,Events By Abel,,Events By Abel
sanchez-lawn-care-and-landscaping-services.business.site,6186935739,1709031877,3020216719,Sanchez Lawn Care and Landscaping Services,,Sanchez Lawn Care and Landscaping Services | Sanchez Lawn Care & Landscaping Services - Home | Sanchez lawn care
winningham-iron-metal.business.site,7380301388,1709031877,3020216719,Winningham Iron & Metal,,Winningham Iron & Metal
wadeloans.com,1690825056,1706711363,1706711363,Wade Smith Clarity Mortgage,,Wade Smith Clarity Mortgage
vickcarneylaw.com,817-596-5533,8175965533,817-596-5533,Vick Carney,Vick Carney LLP.,Vick Carney | Vick Carney LLP.
littlefeetforestschool.org,2545352419,2545352419,2545352419,Little Feet Forest School,,Little Feet Forest School | Little Feet Forest S | Little Feet Forest
whymessa.com,(215) 568-3500,(856) 833-0600,(215) 844-1614,Why Messa,Why Messa & Associates P.C.,Why Messa | Why Messa & Associates P.C. | ssa & Associates P.C.
dallassurgicalgroup.com,(214) 350-6672,(214) 350-6672,(214) 350-6672,Dallas Surgical Group,,Dallas Surgical Group
bintiboutique.llc,2545352419,2545352419,2545352419,Binti Boutique,,Binti Boutique
allstarbp.com,1651947197,1674062609,1652059962,Allstar Simulators,,Allstar Simulators | Allstar BP
imperiumstrategiesllc.com,1667316180,1667316180,1667316180,Imperium Public Strategies,Imperium Public Strategies LLC.,Imperium Public Strategies | Imperium Public Strategies LLC.
dorsettchapel.org,1683741206,1683742693,1642989061,Dorsett Chapel,,Dorsett Chapel | Dorsett Chapel UCC
highbrow-beauty.com,3333333333,3333333333,3333333333,Permanent Makeup Skin by Tasia,,Permanent Makeup Skin by Tasia
galleongc.com,2024022718,,,Galleon contracting,"Galleon Contracting, LLC","Galleon contracting | Galleon Contracting, LLC"
cadottfamilyrestaurant.com,1618243047,1618243047,7626945079,Cadott Family Restaurant,,Cadott Family Restaurant | Cadott Family
bubsnola.com,719602.6721,878.1581441,011604.5885,Bub's NOLA,,Bub's NOLA
scentvillage.com,2545352419,2545352419,2545352419,Scent Village,,Scent Village
sbstransportllc.com,2314049586,3333333333,4991212653,SBS Transport,SBS Transport LLC.,SBS Transport | SBS Transport LLC.
carvedsoulsmusic.com,,https://www.facebook.com/CarvedSoulsOfficial/,https://www.instagram.com/carved_souls/,Carved Souls,,Carved Souls
ehardts.com,4082078668,1474675607,(810) 346-2637,Ehardt's Pharmacy,EHARDT'S PHARMACY INC.,Ehardt's Pharmacy | Ehardt's Pharmacy & Medical Supply | Ehardt's | EHARDT'S PHARMACY INC.
trusted-home-inspection.business.site,1682492386,1709031878,4044086332,Trusted Home Inspection,,Trusted Home Inspection
drtompastor.com,3141925352,1705600382,0674129999,Dr. Tom Pastor,Pinnacle Chiropractic Inc.,Dr. Tom Pastor | Pinnacle Chiropractic Inc.
kelleyroadrace.com,2545352419,2545352419,2545352419,Kelley Road Race,SNERRO LLC.,Kelley Road Race | SNERRO LLC.
pastorecompany.com,1623890300,1623944113,1623944121,Pastore Houldsworth & Co.,Pastore Houldsworth & Co.,Pastore Houldsworth & Co. | Pastore Houldsworth & Co. LLC. | Pastorecompany
cwenergyusa.com,287748-3859,2414797354,+14809981694,C&W Energy Solutions,C&W Energy Solutions LLC.,Chips & Wafers Inc. | C&W Energy Solutions LLC. | C&W Energy USA | Wafers Inc. | C&W Energy Solutions
sullivanswcd.org,1707417763,(845) 292-6552,(845) 295-9073,Sullivan County Soil Water Conservation District,,Sullivan County Soil Water Conservation District | Sullivan County Soil & Water
eattacorepublic.com,(913) 490-4411,https://www.facebook.com/TheTacoRepublic/?ref=pages_you_manage,https://www.instagram.com/eattacorepublic/,Taco Republic Kansas City,,Taco Republic Kansas City | Taco Republic | Taco Republic Westwood | Taco Republic Truck
mikesagfencerepair.com,4639303482,6701030927,6701030927,Mikesagfencerepair,Mike's Agricultural Fence Repair LLC.,Mikesagfencerepair | Mike's Agriculture Fence Repair | Mike's Agricultural Fence Repair LLC.
accubuiltnw.com,6337179641,6337179641,1619112560,Accu Built Northwest Llc.,Accu Built Northwest Llc.,Accu Built Northwest Llc.
tylerteaches.com,2023071106,2023071106,1403784258,Tyler teaches com,,Tyler teaches com
postmodern-strings.com,1706742500,1708892628,1708892628,Postmodern Strings by Viol Consort,,Postmodern Strings by Viol Consort | PostModern Strings
green-graphixz-clothing-company.business.site,1398376791,1709031878,2198396063,Green Graphixz Clothing Company,Green Graphixz Clothing Company,Green Graphixz Clothing Company
powersfamilymedicine.com,1597799647,1638832865,1638832865,Powers Family Medicine,Powers Family Medicine pllc.,Powers Family Medicine | Powers Family Medicine pllc. | Powers Medical
sceniclandscaping.net,2545352419,2545352419,2545352419,Scenic Landscaping,,Scenic Landscaping
myfriendsandme.net,0915099135,2173913043,0915099135,My Friends and Me,,My Friends and Me | My Friends
stpunited.org,190-7824436,190-7824436,2545352419,St Paul's United Methodist,,St Paul's United Methodist
allcleanhomes.com,,,,All Clean Homes,,All Clean Homes
ageanabrett.com,1709031777,1681240400,1681240400,Humboldt County Real Estate Agent,,Humboldt County Real Estate Agent
cowpaddyfudge.wordpress.com,1677072837,1706123198,1432920480,Cow Paddy Irish Fudge,,Cow Paddy Irish Fudge | Cowpaddyfudge
karrgroupco.com,,,,Karrgroupco,Platinum Energy USA LLC.,Karrgroupco | Karr Group | Platinum Energy USA LLC.
whittiershuttle.com,907-350-6010,888-257-8527,1907350601,Whittier Alaska Shuttle,,Whittier Alaska Shuttle | Whittier shuttle
graciejoplin.com,1636452124,1000036348,(417) 850-6447,Gracie Humaitá Joplin,,Gracie Humaitá Joplin | Gracie Humaita Joplin Gracie Humaita | Gracie Joplin
fitfeetflorida.com,1522275996,1499717620,1499717620,Fit Feet For Life,,Fit Feet For Life | Fit Feet For
liverpoolchurch.com,2101140933,2019042609,2019042610,Liverpool Community Church,,Liverpool Community Church
biodyn-lifesciences.com,0411154553,0411155019,0411155149,BioDyn Lifesciences,BioDyn Lifesciences Inc.,BioDyn Lifesciences | BioDyn Lifesciences Inc. | Lifesciences Inc.
wanakenapinecone.wordpress.com,1677072837,1561495466,1707936843,Black Waters Cafe,,Black Waters Cafe
shootmethevin.com,1709031878,(877) 512-2555,(877) 512-2555,Shoot Me The Vin,,Shoot Me The Vin
kikimo.com,,https://twitter.com/KikimoInc,https://instagram.com/kikimoinc/,Kikimo Incorporated.,Kikimo Incorporated.,Kikimo Incorporated. | Kikimo Inc.
rivertownslp.com,,,,Rivertowns Speech an,,Rivertowns Speech an | Rivertowns Speech and Language Therapy | Rivertowns Speech and Language | RIVERTOWN SPEECH AND LANGUAGE THERAPY
libanswers.shadygrove.umd.edu,+13017386020,301-738-6020,+13017386020,LibAnswers,,LibAnswers
aristacons.com,1580722402,1580722481,1580723274,Arista,,Arista
seattlecandle.com,5001709031,2181371313,9618345430,Seattle Candle Company,Seattle Candle Company,Seattle Candle Company
teriorr.weebly.com,1473441387,151120-1455,160905-0605,Teri J. Orr,,Teri J. Orr | Teri Orr
designedbycarla.com,2195084271,2195084271,2545352419,Designedbycarla,,Designedbycarla | Designedbycarla Marketing Agency
platformtemizlik.com,,,,Platform Temizlik,,Platform Temizlik
westtubingcompany.com,0000000000,9999999999,0000000000,West Tubing Company,West Tubing Company,West Tubing Company | West Tubing
christinereidphotography.com,1704815479,1704815479,328-8034476,Christine Reid Photography,,Christine Reid Photography | Christine Reid | Christine Reid Princ
indiyoung.com,1704490733,1653666455,1653666454,Indi Young,,Indi Young
sbmobilenails.com,2545352419,2545352419,2545352419,SB Mobile Nail,,SB Mobile Nail
abbevillecalendar.com,1708746844,1708746844,,Abbeville Calendar,,Abbeville Calendar
joyfuladoptions.com,2545352419,2545352419,2545352419,Barbara C. Jones,,Barbara C. Jones
xpressbenefits.net,3333333333,6666666666,6666666666,Xpress Benefits,,Xpress Benefits
directjet.com,0721561820,0721561820,0721561820,Direct Jet Charter LLC.,Direct Jet Charter LLC.,Direct Jet Charter LLC. | Direct Jet Charter | Direct Jet
overlakecollie.com,,,,Overlake Collie Club,,Overlake Collie Club | COLLIE CLUB OF WASHINGTON | Overlake Collie
writingonboard.com,1488113034,1200504725,2496433114,Writing on Board,,Writing on Board
par1cleaners.business.site,2470389042,1709031880,3020216719,Par1 Cleaners,,Par1 Cleaners
dreamservicesoftware.com,1633336549,1633336577,1659965529,Dream Service Software,,Dream Service Software | Dream Service
abreakdisabilityandrespite.com,0400547364,0400547364,2545352419,A Break Disability and Respite,A Break Disability and Respite Services PTY.,A Break Disability and Respite | A Break Disability and Respite Services PTY. | Respite Services PTY LTD. | A Break Disability and Respite Services
jettbt.com,3333333333,7333333333,6666666666,JETT Business Technology,,JETT Business Technology | UniSys Corporation
phalanxgrpservices.org,2545352419,2545352419,2545352419,Phalanx Family Services,,Phalanx Family Services | Phalanxfamilyservice
kcc.org,1702331517,1634244111,https://www.facebook.com/KagyuChangchubChuling,Kcc Tibetan Buddhist Center,KAGYU CHANG CHUB CHULING CHURCH CORPORATION,Kcc Tibetan Buddhist Center | KAGYU CHANG CHUB CHULING CHURCH CORPORATION
brentwood365.com,618-531-4000,1384726855,1384726855,Brentwood365,,Brentwood365
carissahannumtherapy.com,3624378634,3624378634,3624378634,Carissa.hannum.therapy,,Carissa.hannum.therapy
oldtraditiontattoo.com,2545352419,2545352419,2545352419,OLD TRADITION TATTOO,,OLD TRADITION TATTOO | Old Tradition Tattoo - Home
hyhp.org,6375935483,7063759354,8386920000,HYHP,,HYHP | Hawai'i Young Healthcare Professionals
daylilyhealth.org,1708965706,1668549715,1708968106,DAYLILY HEALTH,,DAYLILY HEALTH
johnsoncreekrvresort.com,1708958589,1708958589,1708958589,Johnson Creek RV Resort,,Johnson Creek RV Resort | Johnson Creek RV Resort & Park
easystreetcookies.com,2545352419,2545352419,2545352419,Easy Street Cookies,,Easy Street Cookies
aproa.org,,,,APROA,,APROA
kccashbuyer.com,3333333333,3333333333,465021-5751,KC Cash Buyer,,KC Cash Buyer
castoreclothing.com,1709031877,1709031877,1709031877,Castoreclothing,,Castoreclothing
european-deli.com,,,,European Deli & Bakery,,European Deli & Bakery | European Deli
cloudspeed24x7.com,1708603643,1708620703,1708603786,CLOUDSPEED24X7,,CLOUDSPEED24X7
elegantdjservices.com,2545352419,2545352419,2545352419,Elegant Dj Services,,Elegant Dj Services
d30ufu6vr9yoyg.cloudfront.net,1690215014,1614955958,1584919652,Wartburg College,,Wartburg College
sben.org,6375935472,6374062052,3496374062,Southeast Benefits Education Network,,Southeast Benefits Education Network | Southeast Benefits Education | SBEN
pearlcorker.wordpress.com,1677072837,1707936843,1432920480,The Guinea Pig Generation,,The Guinea Pig Generation
beaconhillrealtygroup.com,732.291.0070,1724028232,732.291.0070,Beacon Hill Realty Group,,Beacon Hill Realty Group | Beacon Hill Realty
mrsbecerra.com,1493574964,1677273206,1677273206,Mrs. Becerra,,Mrs. Becerra | Mrs. Becerra's Class
lequedagua.com,2545352419,2545352419,2545352419,Lequedagua,Cbd Oilrank Inc.,Lequedagua | Cbd Oilrank Inc.
snfdata.com,1709031881,877-610-3282,,SNFData,SNFdata Resources LLC.,SNFData | SNFdata Resources LLC. | SNFdata Resources Inc.
villavieira.com,117-3438839,117-3438839,8188780300,Villa Vieira,,Villa Vieira
balancedwellnessami.com,1562688156,1519307732,1519307732,Balanced Wellness,,Balanced Wellness
kufflet.com,1472651910,1472651910,1472651910,Kufflet,Kuffstuff LLC.,Kufflet | Kuffstuff LLC.
southsidedentalcare-dentalclinic.business.site,7481264098,1709031881,2198396063,Southside Dental Care Dental Clinic,,Southside Dental Care Dental Clinic | Southside Dental Care
forrestpierce.com,,,,Forrest Pierce Composer,,Forrest Pierce Composer | Forrest Pierce
miltongeorgialiving.com,3566091532,5198501382,1318316235,Milton GA Living,,Milton GA Living
salazarthomas.com,2479056444,7668458697,890-1527434,THOMAS SALAZAR llc.,THOMAS SALAZAR llc.,THOMAS SALAZAR llc. | SALAZAR LLC.
bellocasa.com,9230769230,3333333333,3333333333,Bello Casa,Bello Casa LLC.,Bello Casa | Bello Casa LLC.
figureitoutagency.com,9870370370,0046948356,7777777777,Figureitoutagency,,Figureitoutagency
central-texas-mobile-notary-notary-public.business.site,1674389610,1709031881,2198396063,Central Texas Mobile Notary,,Central Texas Mobile Notary | Central Texas Mobile Notary Notary Public
dionisioducusin.com,1600216687,1600216687,1600216687,Dionisio Ducusin,,Dionisio Ducusin
msconfinance.com,2545352419,2545352419,2545352419,Ms. Confinance,,Ms. Confinance
logicworks.cc,561-202-7477,,,Logicworks,LogicWorks Inc.,Logicworks | LogicWorks Inc.
angelabrite.com,3333333333,3333333333,3333333333,Angela Brite,Paralegal Certification Corp,Angela Brite | Paralegal Certification Corp
krambu.com,+1(833)457-2628,+1 (833) 457-2628,1680236937,KRAMBU,KRAMBU Inc.,KRAMBU | KRAMBU Inc.
tangodown.com,1539286349,1000208366,1537213114,TangoDown,TangoDown Inc.,Vickers Tactical Carry Trigger VTCT-002 Gen. | Vickers Tactical Carry Trigger VTCT-001 Gen. | TangoDown Inc. | TangoDown | Tango Down Llc
2020relining.com,,,,20 20 Relining,,20 20 Relining | 20 20 Rooter & Relining
themacks.wordpress.com,1677072837,1707936843,1705430309,God Change,,God Change
carolynsnails.com,1629423298,1629423496,1629423141,Color Street Carolyns Classy Nails,,Color Street Carolyns Classy Nails
baypointlabs.com,(707) 747-6081,,,Bay Point Labs,Bay Point Laboratories Inc.,Bay Point Labs | Bay Point Laboratories Inc.
yogawithorly.com,2545352419,2545352419,2545352419,Yoga with Orly,,Yoga with Orly
ubercigar.com.au,6804358207,1625807647,https://www.facebook.com/groups/680435820719649/,Ubercigar Express,,Ubercigar Express | Ubercigar | Ubercigar Delivery
nsea.org,5050877496,5050877496,1800742004,NE State Education NSEA,,NE State Education NSEA | NSEA | Nsea Voice
lodgelivin.com,3141925352,1644518397,1644514384,LodgeLivin,,LodgeLivin
jonfoxmusic.com,2545352419,2545352419,2545352419,Jon Fox Music,,Jon Fox Music
millarandsons.net,2545352419,2545352419,2545352419,Millar and Sons Inc.,Millar and Sons Inc.,Millar and Sons Inc. | Millar and Sons
reeleminbaitandtackle.com,1507788853,1507789318,1590951698,Reel 'Em In Bait & Tackle,,Reel 'Em In Bait & Tackle
thephotoboothunlimited.com,6884771314,6884771314,2545352419,PhotoBooth Unlimited,PhotoBooth Unlimited LLC.,PhotoBooth Unlimited | PhotoBooth Unlimited LLC. | Thephotoboothunlimited
bigtransformerbushings.com,330-493-1890,330-493-1890,330-493-1893,Big Transformer Bushings,,Big Transformer Bushings
the-greenwich.com,2701513331,2206545806,3057130458,The Greenwich,,The Greenwich
celebaesthetics.com,1589823088,1712557519,1787772305,Celeb Aesthetics,,Celeb Aesthetics | Celeb Aesthetics & Wellness
msjudithsewins.com,1547175468,1585246064,1585246064,Fabulous Hair and Weave Salon,,Fabulous Hair and Weave Salon
origingolf.com,760-599-4499,,,Origin Golf,,Origin Golf
royalinvestmentgroupinc.com,1650058794,1681933938,1681933938,ROYAL INVESTMENT GROUP INC.,ROYAL INVESTMENT GROUP INC.,ROYAL INVESTMENT GROUP INC.
yjlashstudio.com,1672851084,1672851084,1672851084,YJ EYELASH,YJ Eyelash Inc.,YJ EYELASH | YJ Eyelash Inc.
temploebenezerweslaco.com,241.4583333,233.4583333,(956) 968-8142,TEMPLO EBENEZER WESLACO,,TEMPLO EBENEZER WESLACO
pastashopfresh.com,1699553926,844.297 1006,844.297 1006,Pasta Shop Wholesale,,Pasta Shop Wholesale | The Pasta Shop
fortcollinsshowerdoor.com,970 217 9360,970-217-9360,970-217-9360,Fort Collins Shower Door,,Fort Collins Shower Door
timothylee.us,2018082111,(408) 740-0862,,Timothy Lee,,Timothy Lee
epocheducation.com,1706083996,(510) 338-7924,(510) 338-7924,Epoch Education,EPOCH EDUCATION INC.,Epoch Education | EPOCH EDUCATION INC.
spynewsletter.com,1689149598,1689149598,1689150051,Spy Newsletter,,Spy Newsletter
earthrenovation.net,2620216121,6540445751,4954525313,Earth Renovation & Design,,Earth Renovation & Design | Earth Renovation &amp Design | Earth Renovation
sofloweb.com,1696855786,9917090416,1696855786,SoFloWeb,,SoFloWeb
csquarednetworks.com,1707846960,1708542301,1708542301,C Squared Networks,,C Squared Networks
longrealty.com,1069313181,1069313181,1069313181,Long Realty Blog,Long Realty Co.,Long Realty | Long Realty Blog | Buying a Home with Long Realty Company | Long Realty Company | Long Realty Co.
virtekcompany.com,2545352419,2545352419,2545352419,VIRTEK COMPANY,VIRTEK COMPANY,VIRTEK COMPANY | Virtek
dbdtravel.net,4227810526,4227810526,4227810526,Destinations by Design LLC.,Destinations by Design LLC.,Destinations by Design LLC. | Destinations by Design
taam.org,2545352419,2545352419,2545352419,TAAM,,TAAM
embodyacupuncture.com,1671742674,1671742674,5912578701,Embody Acupuncture,,Embody Acupuncture
southernuc.com,843.357.4357,843.357.4359,6666666666,Southern Urgent Care,,Southern Urgent Care | Soutehrn Urgent Care | Healthagen LLC.
sheetmetallocal399.com,1636202349,1455028953,1455027985,Sheet Metal Workers International Association Local 399,Sheet Metal Workers Union,Sheet Metal Workers International Association Local 399 | Sheet Metal Workers Union
cincyscrubs.com,513-939-6007,513-939-6007,513-238-7190,Cincy Scrubs,,Cincy Scrubs
avdtechnologies.com,+1 312 598 5611,+1 312 598 5611,+1 312 598 5611,AVD Technologies,,AVD Technologies | AVD
loudandclaire.com,2545352419,2545352419,2545352419,Loud and Claire,,Loud and Claire | Loud and Claire Voiceover | Vida Health Inc.
homeworkninjas.com,+1 725-224-8795,+1 725-224-8795,,Homework Ninjas,,Homework Ninjas
yoursbasource.com,+19045579355,5757135338,5757135338,Your SBA Source,,Your SBA Source
rjssigns.com,1708463114,8251631414,1622908055,RJ's Signs,RJ's Signs & Designs LLC.,RJ's Signs | RJ's Signs & Designs LLC.
crazypokemiami.com,2545352419,2545352419,2545352419,Crazy Poke Wynwood,,Crazy Poke Wynwood | Crazy Poke | Crazy Poke Miami
azrielassetmgmt.com,1645621297,1682351812,7185646232,Azriel Asset Management,,Azriel Asset Management
down-southmoving.business.site,9982305415,1709031882,1006709289,Down South Moving,,Down South Moving
aetheradvisors.com,2545352419,2545352419,2545352419,Aether Advisors,AETHER ADVISORS LLC.,Aether Advisors | AETHER ADVISORS LLC.
djs-general-service-llc.business.site,1565373424,1709031882,1006709289,Dj's General service llc.,Dj's General service llc.,Dj's General service llc. | Dj's General service
acupuncture-oriental-massage.business.site,1051729429,1709031883,5989268695,Acupuncture & Oriental Massage,,Acupuncture & Oriental Massage
truefablespottery.com,2024022610,3207680330,+1 737 218 6046,True Fables Pottery,,True Fables Pottery
dreamlab.design,335-3261386,236-6331336,1701987922,DreamLab,DreamLab LLC.,DreamLab | DreamLab LLC. | DreamLab Creative Ideas
deliverance-ministry-new-york.com,1707471260,888-202-9516,1186437304,Deliverance Ministry New York,,Deliverance Ministry New York | Deliverance Ministry
cenladerm.com,1707389519,1707392141,1707389519,Cenla Dermatology,,Cenla Dermatology | CenLaDerm
meroscience.org,1568226378,1568226384,1568226389,MENLO-ATHERTON ECOLOGY RESEARCH OUTDOORS,,MENLO-ATHERTON ECOLOGY RESEARCH OUTDOORS | MENLO-ATHERTON ECOLOGY
dewingscenter.org,1642556661,1642556661,1642556661,Dewings Center,,Dewings Center | The Dewings Center
floridaloansigning.com,3801501085,3801501085,3801501085,Florida Loan Signing,FLORIDA LOAN SIGNING LLC.,Florida Loan Signing | FLORIDA LOAN SIGNING LLC.
alibaba-kebab.com,1709003228,1706830186,1709003228,Alibaba Kebab,,Alibaba Kebab
vividsalonmadison.com,3333333333,3333333333,3333333333,Vivid Inc.,Vivid Inc.,Vivid Inc. | Vivid salon
17thstreetthaisushifl.com,1975009069,6366933824,3689923547,17th Street Thai Sushi,,17th Street Thai Sushi | 17th St Thai sushi 17th Street Thai sushi
blazingstargrange.org,2545352419,2545352419,2545352419,Blazing Star Grange,,Blazing Star Grange | Blazing Star Grange #71
fccherrick.org,1462753492,1453387135,1706106219,First Christian Church Of Herrick,,First Christian Church Of Herrick
wheelrepairphoenix.com,602-688-2242,9875776397,9875776397,Wheel Repair Phoenix,,Wheel Repair Phoenix
actioncomedyfilms.com,,,,Action Comedy Films616,,Action Comedy Films616 | Action Comedy Films
tefftfoundation.com,603-472-3557,,,Tefft Foundation,,Tefft Foundation
heather-brooks-painted-furniture.ueniweb.com,120.8481224,1564184505,190726-1636,Heather Brooks Painted Furniture,,Heather Brooks Painted Furniture | Heather Brooks Painted
caninereproductivecenter.com,1706878845,9517371615,951-737-1615,Canine Reproduction Center,,Canine Reproduction Center
mytomisushi.com,1708661341,1708661341,1708661341,Tomi Sushi,,Tomi Sushi
thedoorse.com,1706819632,1706819632,1706814989,The Door Southeast San Antonio,,The Door Southeast San Antonio
kokuanutrition.com,1587091305,1587091319,1587091319,KOKUA Lifestyle and Nutrition,,KOKUA Lifestyle and Nutrition | KOKUA Lifestyle and Nutrition Dietitian Services
pinilishalpern.com,(973) 401-1111,1401469592,6666666667,PinilisHalpern,PinilisHalpern LLP.,PinilisHalpern | PinilisHalpern LLP. | Blair Road Realty Holdings LLC.
juniorchefsofamerica.org,1536903429,1536903429,(813) 408 1078,Junior Chefs Of America,,Junior Chefs Of America
qualifiedportablegarages.com,,,,Qualified Portable Garages,,Qualified Portable Garages
cityofmountlaketerrace.com,1357825072,000000-0000,000-0000000,Mountlake,,Mountlake
keepsakeweddingphotography.com,(812) 250-9883,(812) 250-9883,4102411234,Keepsake Wedding Photography,,Keepsake Wedding Photography
whitwell-accounting-llc.business.site,3103680208,1709031885,3020216719,Whitwell Accounting LLC.,Whitwell Accounting LLC.,Whitwell Accounting LLC.
tax-masters.net,1706495184,,,Tax-Masters,,Tax-Masters
tangles-salon.com,6481481481,3333333333,3333333333,Tangles-salon,,Tangles-salon
torres-hvac.business.site,8512032201,1709031885,4044086332,Torres HVAC,,Torres HVAC
themasker.com,(847) 834-9339,(847) 834-9339,1709027200,The Masker,The SID Masker Inc.,The Masker | Masker | The SID Masker Inc. | SID Masker Inc.
"								Phone:  1(312)288-8383 ",,,,,,
"								Hours: from 8:00 to 21:00 (Mon-Sun) FREE by United States ",,,,,,
								E-mail: themaskerstudio@gmail.com,,,,,,
lynnavo.com,3141925352,1706496692,1689461282,LYNNA VO,,LYNNA VO
mompopshop.com,1597948060,1594784732,1594784732,Mom and Pop Shop Popsicles,,Mom and Pop Shop Popsicles | Mom Pop Shop
citycanyons.com,1708122962,1708122962,1873751961,City Canyons,City Canyons LLC.,City Canyons | City Canyons Productions | City Canyons LLC.
gov.aiogoconsultingllc.com,1601754189,1575624793,1593971547,All-in-One Global Consulting,All-in-One Global Consulting LLC.,WHY PARTNER WITH ALL-IN-ONE GLOBAL CONSULTING LLC. | WHY WORK WITH ALL-IN-ONE GLOBAL CONSULTING LLC. | ll-in-One Global Consulting LLC. | All-in-One Global Consulting LLC. | All-in-One Global Consulting | Global Consulting LLC.
strivelacrosseacademy.com,1706048225,1706048227,1706048227,Strive Lacrosse Academy,,Strive Lacrosse Academy
theceosalon.com,3333333333,0016286644,3333333333,The CEO Salon,,The CEO Salon | CEO Salon | The CEO Salon Bakersfield
hudsonlux365.com,1705520591,1705520591,1705520591,Hudson Lux,,Hudson Lux
		info@hudsonlux365.com,,,,,,
		+1(305) 928-0661,,,,,,
abcbni.com,1707287941,1707287941,9303999357,Active Business Connections BNI,,Active Business Connections BNI | Active Business Connections
cousineauforestproducts.com,1475688528,1708629375,603-428-7155,Cousineau Forest Products,Cousineau Company,Cousineau Forest Products | Cousineau Company
marketing-page-lindsey.vercel.app,,,,LifeGPA LLC.,LifeGPA LLC.,LifeGPA LLC. | LifeGPA
ercc.biz,+13046361391,(304) 636-1391,+13046361391,Elkins Rehabilitation & Care Center,,Elkins Rehabilitation & Care Center | ERCC
change-points.com,2958863719,1167268112,,Change Points,ChangePoints LLC.,Change Points | ChangePoints LLC.
theconservancyproject.org,1348764382,1474896558,0006570302,The Conservancy Project,,The Conservancy Project
rpuma.org,3333333333,3333333333,3333333333,River Park Utilities,River Park Utilities Management Association,River Park Utilities | River Park Utilities Management Association
astepabovemb.com,8102873324,1022867125,6586392295,A Step Above Flooring,Step Above LLC.,A Step Above Flooring | A Step Above Flooring - Home | Step Above LLC.
globalonefinancialsolutions.com,1117392180,888-545-6686,888-545-6686,Global One Financial Solutions,,Global One Financial Solutions
spots.edu,+01 530 467 3544,https://www.facebook.com/saintphotiosseminary/,https://www.instagram.com/saintphotiosseminary/?hl=en/,S.P.O.T.S.,,S.P.O.T.S.
hbcofrochester.org,217 491 3343,1674657827,https://www.facebook.com/JesuslovesRochester/,Hillcrest Baptist Church,,Hillcrest Baptist Church
romanolawpllc.com,2545352419,2545352419,2545352419,Romano Law,Romano Law PLLC,Romano Law | Romano Law PLLC
mejina.net,0160050909,6422976035,0160050909,Hishiyakuwaku,,Hishiyakuwaku
boyettrecovery.com,2293478530,833.287.4628,3333333333,Boyett Treatment Center,,Boyett Treatment Center
executivecarservicelax.com,+18008781995,800-878-1995,+18008781995,Executive Car Service LAX,,Executive Car Service LAX | Executive Car Service
thelocalmanjakemangan.com,2545352419,2545352419,2545352419,The Local Man,,The Local Man | Local Man
timberwoodofnaples.org,2545352419,2545352419,2545352419,Timberwood of Naples,,Timberwood of Naples | Timberwood
drrudlin.com,804-353-1000,,,Dr. Rudlin,,Dr. Rudlin
therealbcmg.com,9617996463,9617996463,2545352419,BLUE COLLAR MUSIC GROUP,,BLUE COLLAR MUSIC GROUP
maryfrancespencer.com,8653594107,2545352419,2545352419,Mary Frances Spencer,,Mary Frances Spencer
woodstocklodge246.org,1708791657,0533404302,0533404302,Woodstock Masonic Lodge 246,,Woodstock Masonic Lodge 246 | Woodstock Masonic Lodge
liveatmontclairapt.com,(360) 346-9727,(360) 346-9727,(360) 346-9727,The Michaels Organization,,The Michaels Organization
jbdecker.com,2545352419,2545352419,2545352419,JB Decker,,JB Decker
montereypeninsulaelderlyhome.com,1595032238,1595032238,3233061002,Monterey Peninsula Board Care,,Monterey Peninsula Board Care | Montery Peninsula
prashnercpa.com,2446083806,2446083806,2446083806,Prashner CPA,Prashner CPA P.C.,Barbara R. Prashner | Barbara Prashner | Prashner CPA | Prashner CPA P.C. | Barbara R. Prashner CPA P.C.
groundswellglobalresearch.org,1456756108,1457486485,1457486485,Groundswell Global Research,Groundswell Global Research Inc.,Groundswell Global Research | Groundswell Global Research Inc.
mazautoglass.com,4156264474,(415) 626-4474,4156264474,MAZ Auto Glass,,MAZ Auto Glass
energy-health-oriental-massage.business.site,3818666849,1709031889,1006709289,Energy Health Oriental Massage,,Energy Health Oriental Massage
govirtualoffice.com,1613071488,1613071488,1707385406,goVirtualOffice LLC.,goVirtualOffice LLC.,goVirtualOffice LLC. | Govirtualoffice
informatichiamoci.it,6383520973,6383520973,+393208717033,Informatichiamoci,,Informatichiamoci
ravenshire-llc.com,8082199054,8082199054,8082199054,Ravenshire LLC.,Ravenshire LLC.,Ravenshire LLC.
matthaynes.uk,,,,Matt Haynes,,Matt Haynes
evadoyle.com,1706563708,303.893.4269,303.893.4269,Eva Doyle MBA,,Eva Doyle MBA | Eva Doyle
unitedcloudtechnologies.com,6337179641,8452369109,8452369109,United Cloud Technologies,,United Cloud Technologies
		poughkeepsie,		NY,		12601,		US,,,
hoodriverclothing.com,,,,Hood River Clothing,Hood River Clothing Company,Hood River Clothing | Hood River Clothing Company | Hood River Clothing Co.
studentvetinsurance.com,2545352419,2545352419,2545352419,James Teague,,James Teague
kaleofamilies.org,1708682927,1708682927,,Kaleo Family Services,,Kaleo Family Services | Kaleo Families
penchiroclinic.com,2545352419,2545352419,2545352419,Peninsula Chiropractic,,Peninsula Chiropractic | Peninsula Chiropractic Clinic
beckynadesan.com,(206)972-1113,(206)232-0368,4212009110,Becky Nadesan,,Becky Nadesan
rmiflooring.com,1375615820,1375615820,1375615820,RM Interiors,RM Interiors LLC.,RM Interiors | RM Interiors LLC. | RM Interiors & Design
beehivebargains.com,1607647837,2202200716,1647997888,Beehive Bargains,,Beehive Bargains
divinemomentsdaycare.com,2545352419,2545352419,2545352419,Divine Miniature Moments,,Divine Miniature Moments | Divine Miniature Mom
fine-art-construction.business.site,2901879062,1709031890,1006709289,Fine art construction,,Fine art construction
caring-hands-seniorsolutionsgroupinc.business.site,4915600638,1709031890,2198396063,Caring Hands,,Caring Hands
skylinevisioncare.com,(402) 964-2225,1626804283,0594626805,Skyline Vision Care,Walz-Tarkowski O.D.,Skyline Vision Care | Walz-Tarkowski O.D.
cryptohomiesclub.io,1701695877,1701695877,1708987706,CryptoHomies Club,Homieshop Properties LLC or Non-Fungible Art Inc.,CryptoHomies Club | CRYPTO HOMIES | Homieshop Properties LLC or Non-Fungible Art Inc. | Homieshop Properties LLC.
brian-hollenbeck.com,4828522305,8260869565,6666666666,Brian Robert Hollenbeck,,Brian Robert Hollenbeck | Brian hollenbeck | Video Update Inc.
creativehealthplans.com,,,,Creative Health Plans,,Creative Health Plans
northwest-georgia-regional-commission.business.site,2750641348,1709031891,3020216719,Northwest Georgia Regional Commission,,Northwest Georgia Regional Commission
statelinekids.com,1530409292,1530409292,8617308149,Stateline Kids,,Stateline Kids
returndeals.net,9857253945,(612) 207-3540,(612) 207-3540,Returns Deals Inc. | Wholesalers liquidator | Sell Your Inventory,Return Deals Inc.,Return Deals Inc. | Return Deals | Returns Deals Inc. | Wholesalers liquidator | Sell Your Inventory | Return Deals at Return Deals | Returns Deals Inc.
jackjewelryinc.com,,,,Jack Jewelry,,Jack Jewelry
cheftea.com,2545352419,2545352419,2545352419,Chef Tea,,Chef Tea
thebentleyparkcommunityassociation.org,,,,Bentley Park Community Association,Bentley Park Community Association,Bentley Park Community Association
hearthstoneproperty.com,1708992499,1708992500,1708992500,Hearthstone LIVE Property,,Hearthstone LIVE Property | Hearthstone Property Services | Hearthstone Property | Hearthstone
cdl-express.com,,,,CDL Express Truck Rental,,CDL Express Truck Rental | CDL Express Truck | CDL Express | Cdlexpressmn
108production.com,1682536864,1685471068,1685201768,108 PRODUCTION,ANM Global Inc.,108 PRODUCTION | ANM Global Inc.
carolynlewismed.com,,,,Carolyn Lewis M,,Carolyn Lewis M | Carolyn
safetychain.com,1707415332,1707415332,1698045526,SafetyChain Software,SafetyChain Software Inc.,SafetyChain Software | Safety Chain | SafetyChain Software Inc.
imageworksdirect.com,1919866048,1919866048,800.777.1663,Image Works,Image Works Ltd.,Image Works | Image.works financial | Image Works Ltd. | Image.works Inc.
yokohamayakitorikoubou.com,1709031892,1709031892,1709031892,Yokohama Yakitori Koubou,,Yokohama Yakitori Koubou
bzzster.com,2077665186,4990885940,https://www.facebook.com/shareaholic,Shareaholic,,Shareaholic
amairportparking.com,0533924388,1709031892,1709031892,AM Airport Parking,,AM Airport Parking
webranium.co.uk,1454326965,1454413392,1454413242,Webranium,,Webranium
hericonstructionllc.com,3333333333,6316031898,(631) 603-1898,Heri Construction,,Heri Construction
"								 (631) 603-1898 ",,,,,,
								,,,,,,
								 info@hericonstructionllc.com,,,,,,
								  We accept Cash & Checks!,,,,,,
								 Monday To Saturday from 7:00 am to 7:00 pm,,,,,,
								 We Cover Suffolk County 								,,,,,,
								 License #58725,,,,,,
stickerdreams.com,4746628182,4746628182,4746628182,Sticker Dreams,STICKERDREAMS LLC.,Sticker Dreams | STICKERDREAMS LLC.
coloradolivingblog.com,1631672988,1627683358,1627683358,Colorado Living,Windermere Services Company,Colorado Living | Colorado Living blog | Windermere Local | Windermere Services Company
charleygasparlandscapingllc.com,,,,Charley Gaspar Landscaping LLC.,Charley Gaspar Landscaping LLC.,Charley Gaspar Landscaping LLC. | Charley Gaspar Landscaping
putitontheglass.com,,,,Put it on the Glass,,Put it on the Glass
tiffin24.com,3333333333,3333333333,+12124610700,TIFFIN 24,,TIFFIN 24
cstyled.com,1473092495,4980392156,4980392156,CStyled,,CStyled
mq3labs.com,3141925352,1670770173,1670769835,MQ3 Labs,Advisor Blackboat GmbH,MQ3 Labs | Advisor Blackboat GmbH
alldolledupspabus.com,313-643-5440,https://www.facebook.com/alldolledupmobilespa,https://www.instagram.com/alldolledupspabus/,All Dolled Up Spa Bus LLC.,All Dolled Up Spa Bus LLC.,All Dolled Up Spa Bus LLC.
gamepcfull.com,1734937821,1706708648,1706708649,Game PC Full,,Game PC Full | Game PC.
hallmemphis.org,1708128406,1708128406,1708128406,Minglewood Hall Tickets,,Minglewood Hall Tickets
lemongrassmichigan.com,1594337103,1594337103,1594338065,Lemon Grass Thai Restaurant,,Lemon Grass Thai Restaurant
kourco.com,2679365010,2679365010,2545352419,KourCo,Kourco Environmental Services Inc.,KourCo | Kourco Environmental Services Inc.
briggsmobiledetailing.com,,,,Briggs Mobile Detailing,,Briggs Mobile Detailing
post32nc.org,6278115699,910-568-3035,347-902-5740,HAIR & MATTHEWS POST 32,Duncan Harling SAL.,HAIR & MATTHEWS POST 32 | Post 32 | Duncan Harling SAL.
fedorovfilms.com,6489892262,6489892262,6489892262,Fedorov Films,,Fedorov Films
howellci.com,2545352419,2545352419,2545352419,Howell CI,,Howell CI | Howell Consulting & Investigation
sapphiresleepovers.squarespace.com,1692991133,1692991133,1692991133,SapphireSleepovers Philipsburg Montana,SapphireSleepovers LLC.,SapphireSleepovers Philipsburg Montana | SapphireSleepovers | SapphireSleepovers LLC.
curtistaylorart.com,1527117456,1529350450,1692199153,Curtis Taylor,,Curtis Taylor | Curtis Taylor | Guitarist
mygentxt.org,1303239615,1303239615,1314123937,MyGenTxt,,MyGenTxt
nynjelevator.com,2545352419,2545352419,2545352419,NY NJ Elevator Corp.,NY NJ Elevator Corp.,NY NJ Elevator Corp. | Nynjelevator | NY NJ Elevator Co. | NJ Elevator Corp.
mogreenway.com,1708973224,1708699152,1708699152,Greenway Magazine,Kansas City Cannabis Co.,Greenway Magazine | Greenway Media | Kansas City Cannabis Co.
internationalmediasupply.com,1693345524,1708406800,5826401799,International Media Supply,International Media Supply LLC.,International Media Supply | International Media Supply LLC.
healthtrustpg.com,1581698746,1581698746,6153443000,HealthTrust Product and Technology,Health Trust,Healthtrustpg | HealthTrust Supply Chain | HealthTrust Product and Technology | HealthTrust Product & Technology | HealthTrust Performance Group | Health Trust | HealthTrust's
ancientcityappraisals.com,(904) 471-9543,(904) 471-9543,,Ancient City Appraisals,Ancient City Appraisals Inc.,Ancient City Appraisals | Ancient City Appraisals Inc.
mingchienliang.com,8870222850,2545352419,2545352419,Ming-Chien Liang,,Ming-Chien Liang | Ming-Chien
barbaranichols.org,408-550-3315,6666666666,6666666666,Barbara Nichols M.A.,,Barbara Nichols M.A. | Barbara Nichols
hillcreststoragetn.com,8838812936,1708636930,1687807901,Hillcrest Storage,,Hillcrest Storage
simplythaidining.com,6064796570,4970686166,(510) 793-1698,Simply Thai Restaurant,,Simply Thai Restaurant
mlfcare.org,2545352419,2545352419,2545352419,Morning Light Foundation,,Morning Light Foundation | Morninglight
thecheapghostwriter.com,7023319615,9765686739,5821486579,THE CHEAP GHOSTWRITER,,THE CHEAP GHOSTWRITER | Cheap Ghostwriter
chugiak.org,2545352419,2545352419,2545352419,Chugiak-Eagle River Senior Center,Chugiak Senior Citizens Inc.,Chugiak-Eagle River Senior Center | Chugiak Senior Citiz | Chugiak Senior Citizens Inc. | Chugiak Senior Housing Inc.
hangtownkc.org,6381677591,7063816775,9138890000,Hangtown Kennel Club,,Hangtown Kennel Club
bigdiamondpools.com,(713) 242-9033,(713) 242-9033,(713) 242-9033,Big Diamond Pools,,Big Diamond Pools
usconstructgroup.com,4629629629,2173700747,7503853582,US Construct Group,US Construction Group Inc.,US Construct Group | US Construction Group Inc. | US Construction Group
hairdesigners-hairsalon.business.site,7199308788,1709031894,4044086332,Hair Designers Hair Salon,,Hair Designers Hair Salon | Hair Designers
gentleconfections.com,9985481390,2545352419,2545352419,Gentle Confections,,Gentle Confections
thermproutah.com,1541525238,1704218657,1704218657,Therm Pro,,Therm Pro | Utica Boilers Inc.
latinoyouthoutreach.org,8073089700,8562259306,0449927431,Latino Youth Outreach,,Latino Youth Outreach
yttangsoodo.com,1000637410,1000637410,1675300156,Y. T. Tang Soo Do,T. Tang Soo Do LLC.,Y. T. Tang Soo Do | Y. T. Tang Soo | T. Tang Soo Do LLC. | Y. T. Tang Soo Do LLC.
big-dog-boarding.business.site,2569936245,1709031895,3842862316,Big Dog Boarding,,Big Dog Boarding
wordofgodokc.com,2545352419,2545352419,2545352419,Word of God Church OKC,,Word of God Church OKC | Word of God Church | The Word of God Church
kiddnap.com,2545352419,2545352419,2545352419,Kidnap,,Kidnap
reignvolleyball.com,1707507735,1707507735,1707507735,Reign Volleyball,,Reign Volleyball
sanctuaryfarmphila.org,2545352419,2545352419,2545352419,Sanctuary Farm Phila,,Sanctuary Farm Phila | Sanctuary Farm Philadelphia | Sanctuary Farm
myrtlebeach.city,2857142857,https://www.facebook.com/sharer/sharer.php?u=https%3A%2F%2Fwww.myrtlebeach.city,http://twitter.com/intent/tweet?text=Home&url=https%3A%2F%2Fwww.myrtlebeach.city,Myrtle Beach City,,Myrtle Beach City | Myrtle Beach
oneononesc.com,1674000517,1674000517,1674000517,One On One Fitness,One on One Fitness LLC.,One On One Fitness | One on One Fitness LLC.
fivestarpoollinerswilliamstown.com,2020041508,2020041508,1552572624,Five Star Pool Liners,,Five Star Pool Liners | Five Star Pool Liners Williamstown
fynres.com,+19543243797,6337179641,954-324-3793,Fyn Real Estate Services,,Fyn Real Estate Services
		Oakland Park,		FL,		33334,		US,,,
troychurch.net,1774667296,1774667296,1774667296,Troy Church,,Troy Church | TroyChurchofC
dafacargo.com,1585374222,1585374222,9379615952,DAFA CARGO,DAFA CARGO LLC.,DAFA CARGO | DAFA CARGO LLC. | DAFA LOGISTICS LLC.
lloydfeinberg.com,1709030205,1709030205,1709030203,Lloyd Feinberg,,Lloyd Feinberg
haciendailusionpr.com,6203724421,6203724421,2545352419,Hacienda Ilusion,,Hacienda Ilusion | Hacienda Ilusión | Haciendailusionpr
paysonhandyman.com,1709031896,6999999881,1199999973,Better Way Homes,,Better Way Homes
rvcoc.org,,,,River Vallet Community Outreach Center,,River Vallet Community Outreach Center | River Valley Community Outreach Center
jmbusinesspartners.com,,,,JM Business Partners,JM Business Partners LLC.,JM Business Partners | JM Business Partners LLC.
edgeinsurance.biz,3333333333,7333333333,6666666666,Edge Insurance,,Edge Insurance | Edge Insurance Brokers
kiplearningandactivitycenter.com,2545352419,2545352419,2545352419,KIP Learning and Activity Center,,KIP Learning and Activity Center | KIP Learning and Act
off-trail.co,6200594607,6200594607,1008464089,Off trail,,Off trail
crabhouse39.com,1709031703,8920086985,8920086985,Crab House at Pier 39,,Crab House at Pier 39 | Crab House | Simco Group LLC.
morrisholmes.com,630-525-1350,,,Morris Holmes & Co.,Morris Holmes & Co.,Morris Holmes & Co. | Morris Holmes & Co. Inc.
mannexcavating.com,1709031897,1677072837,1561495466,Mann Excavating,Mann Excavating Inc.,Mann Excavating | Mann Excavating Inc.
timhalberg.com,,,,Tim Halberg,,Tim Halberg | Yosemite Wedding Photographer Tim Halberg | Tim Halberg Timhalberg
clearmirrorhealing.wordpress.com,1677072837,1707936843,1432920480,Clear Mirror Healing,,Clear Mirror Healing | Clear Mirror Healing - Home
marinavillageharbor.com,1527089482,1527089482,1527089499,Marina Village Yacht Harbor,,Marina Village Yacht Harbor
whaleygfx.com,1697598230,1697598230,1697598230,WHALEY GFX,WHALEY GFX LLC.,WHALEY GFX | WHALEY GFX LLC.
drfconaway.com,1493412994,1493412994,1493412994,Dr. Frank Conaway DDS,,Dr. Frank Conaway DDS | Frank Conaway
talkingparents.com,1092220726,1092220726,1634051136,Talking Parents,TalkingParents Helps Co.,Talking Parents | TalkingParents Helps Co.
thecollectiveeffect.org,1599270665,1612406889,1612406889,THE COLLECTIVE EFFECT,,THE COLLECTIVE EFFECT | COLLECTIVE EFFECT
loydayu.com,(619) 889-7788,(619) 475-7777,1969132036,Loyda Yu,,Loyda Yu | Loyda Yu Century 21 Award | Erika Loyda Yu
hawaii432.com,2545352419,2545352419,2545352419,Lae Nani 432,,Lae Nani 432 | Enchanting Lae Nani Condo
creativebusinessassociates.com,310-650-6862,https://www.facebook.com/paula.easton,,Creative Business Associates,,Creative Business Associates
lealvideoproductions.com,1524193191,1524186762,1524186762,Leal Video Productions,,Leal Video Productions
romangalloway.com,,,,Roman Galloway,,Roman Galloway
asahisuperdry.com,,,,Asahi Super Dry,Asahi Europe Limited,Asahi Super Dry | Asahi Europe Limited | Asahi Group Holdings Ltd. | Super Dry
truyasushica.com,2021102615,(408) 244-4534,121.9903432,Truya Sushi,,Truya Sushi
rfacapitalcorp.com,1708999051,1825805739,1683316992,RFA Capital,RFA Capital Corp.,RFA Capital | RFA Capital Corp.
rubpage.com,8419347483,6142340086,1707857560,Body rub by Massage 213,,Body rub by Massage 213 | Bodyrub
ameecleaning.com,(785) 565 0000,(785) 565 0000,(785) 565 0000,Amee Cleaning,,Amee Cleaning | Amee Cleaning Janitorial Services
topcropalliance.com,3333333333,3333333333,6666666667,Top Crop Alliance,,Top Crop Alliance
sootheyoursoulmassage.com,,,,Soothe Your Soul Massage LLC.,Soothe Your Soul Massage LLC.,Soothe Your Soul Massage LLC. | Soothe Your Soul Massage
woodgateapts.net,1708041232,1708041233,1708041234,Woodgate Apartments at Jordan Landing,,Woodgate Apartments at Jordan Landing | Woodgate | Woodgate Apartments
myfocuspsych.com,1677072837,1706123198,1432920480,My Focus Psychology,GoodWays Consulting Group LLC.,My Focus Psychology | GoodWays Consulting Group LLC.
1stamc.com,(626) 483-6280,(626) 483-6280,,1st American Mortgage Corporation,1st American Mortgage Corporation,1st American Mortgage Corporation
diecutstickers.com,4003518770,4003518770,(206) 816-3421,Die Cut Stickers,Medford Technologies Inc.,Die Cut Stickers | Medford Technologies Inc.
fsb-int.com,0000000000,0000008180,3053914031,Future Semiconductor Business,,Future Semiconductor Business | Future Semiconductor
theneedlehouse.com,1700731019,1700731019,2017041300,Needle House,,Needle House | The Needle House | Needledeeva Inc.
davidprieto.realestate,1140354919,1140354919,1140354919,Sync Brokerage,,Sync Brokerage
vpropertysolutions.com,+14842020710,484-202-0710,397672-6216,Vantage Property Solutions LLC.,Vantage Property Solutions LLC.,Vantage Property Solutions LLC. | Vantage Property Solutions
gforcefoundation.com,1695233334,1695163573,1695163573,G-Force Foundation,High School EVHS in Gypsum CO.,G-Force Foundation | High School EVHS in Gypsum CO.
sherricornett.com,1699405505,1699405505,1699405505,Sherri Cornett,,Sherri Cornett
gsiprint.com,1709030428,878.1709030,1709030428,Graphic Services Inc.,Graphic Services Inc.,Graphic Services Inc. | Graphic Services
missinglnk.com,1707410429,1707410429,1707410429,Missing Link,,Missing Link | Missing Link Motorcycle Apparel | Missing L8nk | Missing Ink
amplifiedconcepts.com,1677072837,1633680961,1697652279,Amplified Concepts,,Amplified Concepts
erikashome.com,7744130259,9280022609,(800) 978-2952,Erika Marsh Pitman,,Erika Marsh Pitman
smilesbygateway.com,817-369-8007,8173698007,817-369-8007,Gateway Dental,,Gateway Dental
"        ",,,,,,
"          4013 Gateway Dr.          ",,,,,,
"        Colleyville"," TX 76034",,,,,
"        Phone: 817-369-8007",,,,,,
acornlawpc.com,(805) 409-3878,1702938583,1707839073,Acorn Law P.C.,Acorn Law P.C.,Acorn Law P.C. | Acorn Law | Acorn Law P
ticketsregina.com,,,,Tickets Regina,,Tickets Regina
theuntamedcreative.co,113.3999999,113.3999999,113.3999999,The Untamed Creative,,The Untamed Creative | Untamed Creative
interstatetruck.com,404.763.2000,,,Interstate Truck Equipment Inc.,Interstate Truck Equipment Inc.,Interstate Truck Equipment Inc. | Interstate Truck Equipment | Interstate Truck & Auto Svc. | Interstate Truck
paradiseatlasttravel.com,1709031900,2449909221,2022111317,Brandi Cutrell,,Brandi Cutrell
janarose.us,1646770741,8216287632,2024022711,Jana Rose,Jana Stewart LLC.,Jana Rose | Jana Stewart LLC.
markhensonart.com,4770281957,1625171309,6128473132,Mark Henson Art,,Mark Henson Art | Mark Henson
d-l-roofing-and-construction-llc.business.site,6448781100,1709031900,3020736705,D & L Roofing and Construction LLC.,D & L Roofing and Construction LLC.,D & L Roofing and Construction LLC. | D & L Roofing and Construction
mazalai.com,510-309-6812,https://www.facebook.com/mazalaicorp/,https://www.instagram.com/mazalai_/,Mazalai,Mazalai Corp,Mazalai | Mazalai Corp
laydomsouth.org,1706982588,,,Southern Dominican Laity,,Southern Dominican Laity
neilheffernan.net,1709031900,1199999973,1199999973,Neil Heffernan,PI Sonalysts Inc.,Neil Heffernan | PI Sonalysts Inc.
atlantanephrologyassociates.com,1234234249,1234234249,1234234249,Atlanta Nephrology,,Atlanta Nephrology | Atlanta Nephrology Associates
ogawadesign.com,786-220-1295,786-220-1295,1699760235,Ogawa Design Agency,,Ogawa Design Agency | Ogawa Design | Ogawa Designs
imcl-conference.org,,,Thrasyvoulos Tsiatsos,IMCL conference,,IMCL conference
"            tsiatsos@csd.auth.gr",Michael E. Auer,Steering Committee Chair,,,,
"            info@imcl-conference.org",Sign up to the conference mailing list to be kept up to date about conference developments.,,,,,
elijahvest.com,1699377257,1699377257,1699377257,Elijah Vestergaard,,Elijah Vestergaard
hiddengallerywines.com,2024022604,2024022604,2024022604,The Hidden Gallery,,The Hidden Gallery | Hidden Gallery wines
coopster.org,1622241669,1605918293,1606103861,Esk River NSW,,Esk River NSW
goldenscrollsoloists.com,1707777910,1707777611,208854-1124,Golden Scroll Soloists,Siman Tov Mazel Tov.,Siman Tov. | Siman Tov Mazel Tov. | Simon Tov Chosen Kalle Mazel Tov. | Golden Scroll Soloists | Simon Tov.
pcinapa.com,1859684751,1683147654,1683136703,PCI Napa,,PCI Napa | Parts Center Inc.
garagedoor-repair-waynenj.com,(973) 319-7770,(973) 319-7770,(973) 319-7770,Garage Door Repair Wayne NJ,,Garage Door Repair Wayne NJ
auroratechservices.com,5661694793,5661694793,5661694793,Aurora Technical Services,Aurora Technical Services LLC.,Aurora Technical Services | Aurora Technical Services LLC. | Mosquito Misting Systems Llc
kcsweep.com,3528581356,3528581356,1706547513,Fluesbrothers Chimney Service,Fluebrothers Llc,Fluesbrothers Chimney Service | Fluesbrothers Chimney of Overland Park | Fluesbrothers Chimney | Fluebrothers Llc
thethriftyhijabi.com,1516032628,1516035823,1500238130,The Thrifty Hijabi,,The Thrifty Hijabi
childcarecompany.org,1703081354,1703080740,1703084150,THE CHILD CARE COMPANY,THE CHILD CARE COMPANY,THE CHILD CARE COMPANY | Child Care Company
libertybaptist.org,408-274-5611,408-274-5611,408-274-5611,Liberty Baptist Church,,Liberty Baptist Church | Liberty Baptist
glovemitten.com,1709031900,1709031900,1709031900,Men's Mittens,,Men's Mittens | Mittens
crestonhousefl.com,800-587-2287,800-587-2287,800-587-2287,Creston House,,Creston House | Creston House Rental Office
outervisionsdesign.com,1706641561,1525026181,1530463658,Outer Visions Landscape Design,,Outer Visions Landscape Design
silverbaytech.com,,https://twitter.com/SilverBayTech,,Silver Bay Software LLC.,Silver Bay Software LLC.,Silver Bay Software LLC. | Silver Bay Technologies
morenohillssda.org,1708715143,1708715143,1708715143,Moreno Hills SDA,,Moreno Hills SDA | Moreno Hills SDA Church | Moreno Hills Seventh-Day
lonepeakdoodles.com,(858)-314-8332,(858) 314-8332,(858) 314-8332,Lone Peak Doodles,,Lone Peak Doodles
hillartistry.com,360.926.8426,360.926.8426,1482368310,Hill Artistry,,Hill Artistry | Hill Artistry 360.926.8426
sgdesignshouston.com,1063121099,1522147375,1063121099,SG Designs Houston,,SG Designs Houston
awlsnap.com,5825154475,0838685771,1583577735,Awl Snap Leather Goods,Awl Snap LLC.,Awl Snap Leather Goods | Awl Snap | Awl Snap LLC.
valleymedicalinstitute.com,1000000000,8804275217,8092852371,Valley Medical Institute,Valley Medical Institute,Valley Medical Institute | Valley Medical
ortsac.com,3054506170,888-842-6054,888-842-6054,Ortsac Capital Group,,Ortsac Capital Group | Ortsac Capital
denhamsflorist.com,706-685-0182,1471502953,1471502995,Denham's Florist,,Denham's Florist
handymanexpressservice.net,1706106219,1707754788,1706106219,Handyman Express Service,Handyman Express Service LLC.,Handyman Express Service | Handyman Express Service LLC. | Handyman Express
intlselfstorage.com,(910) 485-2428,0218202213,0218202213,International Self Storage,,International Self Storage
leahyfamilydentistry.com,7542673026,(919) 363-4204,(919) 363-4204,Leahy Family Dentistry,,"Leahy Family Dentistry | Leahy, Kenneth Dds"
avonnylocksmith.com,(585) 299-1038,5852991038,(585) 299-1038,Avon New York Locksmith,,Avon New York Locksmith
anthonymarlowe.com,1683567678,1683567678,1683567678,Anthony Marlowe,,Anthony Marlowe
earthagent.org,1708292239,1708289411,1585688553,Earth Agent,,Earth Agent
pawsinmotionla.com,1730549935,1730549935,1730549935,Paws in Motion - Professional Dog Runners,Paws in Motion Inc.,Paws in Motion - Professional Dog Runners | Paws in Motion Inc. | Paws in Motion
dentaltalentnow.com,,,,Dental Talent Now,Dental Talent Now LLC.,Dental Talent Now | Dental Talent Now LLC. | Elite Sourcer LLC. | Armatic Inc.
bc-hinger.com,1614588858,1614588858,107.333 2560,BC HINGER,,BC HINGER
brynbachman.com,1534178085,1534177732,1534177732,Bryn Bachman,,Bryn Bachman | Bryn Bachman Design
tribeofdantours.com,1706474566,1706474566,,Tribe of Dan Tours,,Tribe of Dan Tours
infinitiofsouthatlanta.com,1008406748,1008406748,1008406748,INFINITI of SOUTH,,INFINITI of SOUTH | INFINITI of SOUTH ATLANTA
independenthotelmarketinggroup.com,2147483647,5189610275,https://www.facebook.com/IndependentHotelMarketing/,Independent Hotel Marketing,,Independent Hotel Marketing | INDEPENDENT HOTEL MARKETING GROUP
audinashville.com,7496431165,1149253179,2022072106,Audi Nashville Service Center,,Audi Nashville Service Center | Audi Nashville
wibidata.com,2644536267,9316945066,2644536267,WibiData,,WibiData | WibidataOfficial
betterbuildco.com,6854725901,,,Better Build Co.,Better Build Co.,Better Build Co.
pearlandcounseling.com,2818041900,2818041900,1686237544,Life 360 Solutions,,Life 360 Solutions
openairchair.com,6494988864,1131244284,1131244284,Open Air Chair Repair,,Open Air Chair Repair | Open Air Chair
nymphyacht.com,1801261152,6239317051,2510824382,Nymph Yacht,,Nymph Yacht
cifsds.org,2804676644,1386136518,1310352529,CIF San Diego Section,,CIF San Diego Section
scottsbluffcountyscanner.com,1709031904,1677072837,1704390784,Scotts Bluff County Scanner,,Scotts Bluff County Scanner | Bluff County
pdassociation.org,1680369146,(847) 986-9350,https://www.facebook.com/privatedirectorsassociation/,Private Directors Association,Private Directors Association,Private Directors Association
bergesenterpriseinc.com,,,,Berges Enterprises Inc.,Berges Enterprises Inc.,Berges Enterprises Inc. | Berges Enterprise Inc.
batesdds.com,1486562280,1486562280,1486562280,Bates DDS,,Bates DDS | BatesDDS - Ryan Bates DDS
stangerfabllc.com,1610478339,1610478339,1610478339,Stanger Fab LLC.,Stanger Fab LLC.,Stanger Fab LLC. | Stanger Fab
annarborhomesrealtor.com,313-717-7788,313-717-7788,1693446359,Maura Rains,,Maura Rains
oneforallartists.com,7427954692,1606972073,9709224377,One For All,,One For All | One for All Artists
jrmatheny.com,1582009123,1582009123,1582009123,JRM designcreative,,JRM designcreative
,,,,,,